Workbook

Sheet 데이터
B2: 201 | C2: 202 | D2: 204 | E2: 202 | F2: 202 | G2: 202 | H2: 201 | I2: 202 | J2: 202 | K2: 202 | L2: 204 | M2: 203 | N2: 203 | O2: 203 | P2: 204 | Q2: 205 | R2: 203 | S2: 204 | T2: 202 | U2: 205 | V2: 205 | W2: 204 | X2: 202 | Y2: 202 | Z2: 202 | AA2: 203 | AB2: 203 | AC2: 202 | AD2: 203 | AE2: 201 | AF2: 204 | AG2: 205 | AH2: 203 | AI2: 202 | AJ2: 203 | AK2: 204 | AL2: 204 | AM2: 204 | AN2: 204 | AO2: 204 | AP2: 204 | AQ2: 203 | AR2: 203 | AS2: 200 | AT2: 204 | AU2: 203 | AV2: 203 | AW2: 203 | AX2: 202 | AY2: 203 | AZ2: 204 | BA2: 205 | BB2: 205 | BC2: 204 | BD2: 203 | BE2: 204 | BF2: 201 | BG2: 203 | BH2: 203 | BI2: 203 | BJ2: 204 | BK2: 203 | BL2: 203 | BM2: 203 | BN2: 203 | BO2: 203 | BP2: 204 | BQ2: 203 | BR2: 204 | BS2: 203 | BT2: 203 | BU2: 205 | BV2: 205 | BW2: 202 | BX2: 204 | BY2: 204 | BZ2: 205 | CA2: 202 | CB2: 203 | CC2: 203 | CD2: 203 | CE2: 204 | CF2: 205 | CG2: 204 | CH2: 203 | CI2: 205 | CJ2: 204 | CK2: 204 | CL2: 203 | CM2: 204 | CN2: 202 | CO2: 205 | CP2: 204 | CQ2: 204 | CR2: 206 | CS2: 206 | CT2: 204 | CU2: 204 | CV2: 206 | CW2: 206 | CX2: 205 | CY2: 205 | CZ2: 206 | DA2: 206 | DB2: 206 | DC2: 206 | DD2: 205 | DE2: 207 | DF2: 206 | DG2: 208 | DH2: 206 | DI2: 207 | DJ2: 208 | DK2: 207 | DL2: 207 | DM2: 207 | DN2: 209 | DO2: 208 | DP2: 207 | DQ2: 207
B3: 203 | C3: 202 | D3: 203 | E3: 204 | F3: 205 | G3: 205 | H3: 204 | I3: 204 | J3: 203 | K3: 203 | L3: 204 | M3: 205 | N3: 204 | O3: 205 | P3: 206 | Q3: 205 | R3: 205 | S3: 205 | T3: 204 | U3: 204 | V3: 205 | W3: 204 | X3: 205 | Y3: 204 | Z3: 204 | AA3: 204 | AB3: 205 | AC3: 203 | AD3: 204 | AE3: 204 | AF3: 205 | AG3: 204 | AH3: 204 | AI3: 203 | AJ3: 202 | AK3: 203 | AL3: 204 | AM3: 204 | AN3: 204 | AO3: 204 | AP3: 204 | AQ3: 204 | AR3: 203 | AS3: 203 | AT3: 204 | AU3: 202 | AV3: 203 | AW3: 203 | AX3: 204 | AY3: 203 | AZ3: 203 | BA3: 204 | BB3: 205 | BC3: 204 | BD3: 203 | BE3: 203 | BF3: 204 | BG3: 203 | BH3: 204 | BI3: 204 | BJ3: 203 | BK3: 204 | BL3: 204 | BM3: 206 | BN3: 205 | BO3: 203 | BP3: 205 | BQ3: 204 | BR3: 204 | BS3: 204 | BT3: 204 | BU3: 203 | BV3: 204 | BW3: 204 | BX3: 204 | BY3: 207 | BZ3: 205 | CA3: 204 | CB3: 205 | CC3: 204 | CD3: 206 | CE3: 206 | CF3: 204 | CG3: 205 | CH3: 206 | CI3: 206 | CJ3: 206 | CK3: 205 | CL3: 205 | CM3: 205 | CN3: 205 | CO3: 205 | CP3: 205 | CQ3: 205 | CR3: 205 | CS3: 205 | CT3: 205 | CU3: 206 | CV3: 205 | CW3: 206 | CX3: 206 | CY3: 208 | CZ3: 206 | DA3: 206 | DB3: 205 | DC3: 207 | DD3: 208 | DE3: 207 | DF3: 208 | DG3: 207 | DH3: 206 | DI3: 207 | DJ3: 207 | DK3: 208 | DL3: 209 | DM3: 208 | DN3: 208 | DO3: 209 | DP3: 209 | DQ3: 209
B4: 203 | C4: 202 | D4: 204 | E4: 206 | F4: 205 | G4: 205 | H4: 204 | I4: 203 | J4: 204 | K4: 203 | L4: 204 | M4: 205 | N4: 207 | O4: 204 | P4: 206 | Q4: 205 | R4: 204 | S4: 205 | T4: 206 | U4: 206 | V4: 205 | W4: 205 | X4: 205 | Y4: 204 | Z4: 205 | AA4: 204 | AB4: 204 | AC4: 203 | AD4: 205 | AE4: 206 | AF4: 204 | AG4: 204 | AH4: 204 | AI4: 204 | AJ4: 205 | AK4: 205 | AL4: 204 | AM4: 205 | AN4: 206 | AO4: 206 | AP4: 205 | AQ4: 204 | AR4: 204 | AS4: 202 | AT4: 204 | AU4: 204 | AV4: 203 | AW4: 204 | AX4: 204 | AY4: 205 | AZ4: 205 | BA4: 205 | BB4: 205 | BC4: 205 | BD4: 204 | BE4: 205 | BF4: 206 | BG4: 206 | BH4: 206 | BI4: 203 | BJ4: 206 | BK4: 204 | BL4: 205 | BM4: 205 | BN4: 204 | BO4: 204 | BP4: 205 | BQ4: 205 | BR4: 204 | BS4: 205 | BT4: 204 | BU4: 204 | BV4: 204 | BW4: 206 | BX4: 204 | BY4: 205 | BZ4: 206 | CA4: 206 | CB4: 205 | CC4: 205 | CD4: 206 | CE4: 205 | CF4: 205 | CG4: 206 | CH4: 207 | CI4: 207 | CJ4: 205 | CK4: 205 | CL4: 206 | CM4: 207 | CN4: 205 | CO4: 205 | CP4: 208 | CQ4: 208 | CR4: 206 | CS4: 205 | CT4: 206 | CU4: 206 | CV4: 206 | CW4: 206 | CX4: 207 | CY4: 208 | CZ4: 208 | DA4: 207 | DB4: 207 | DC4: 207 | DD4: 207 | DE4: 209 | DF4: 208 | DG4: 207 | DH4: 208 | DI4: 208 | DJ4: 209 | DK4: 209 | DL4: 210 | DM4: 207 | DN4: 208 | DO4: 208 | DP4: 208 | DQ4: 210
B5: 204 | C5: 203 | D5: 207 | E5: 206 | F5: 206 | G5: 205 | H5: 204 | I5: 205 | J5: 207 | K5: 207 | L5: 205 | M5: 204 | N5: 204 | O5: 204 | P5: 206 | Q5: 205 | R5: 206 | S5: 205 | T5: 207 | U5: 205 | V5: 206 | W5: 207 | X5: 205 | Y5: 204 | Z5: 207 | AA5: 207 | AB5: 208 | AC5: 206 | AD5: 206 | AE5: 204 | AF5: 205 | AG5: 205 | AH5: 205 | AI5: 207 | AJ5: 206 | AK5: 207 | AL5: 206 | AM5: 206 | AN5: 205 | AO5: 205 | AP5: 206 | AQ5: 205 | AR5: 205 | AS5: 202 | AT5: 205 | AU5: 205 | AV5: 207 | AW5: 205 | AX5: 203 | AY5: 204 | AZ5: 203 | BA5: 205 | BB5: 206 | BC5: 205 | BD5: 205 | BE5: 206 | BF5: 205 | BG5: 206 | BH5: 206 | BI5: 205 | BJ5: 204 | BK5: 206 | BL5: 204 | BM5: 205 | BN5: 207 | BO5: 205 | BP5: 206 | BQ5: 206 | BR5: 206 | BS5: 206 | BT5: 204 | BU5: 204 | BV5: 204 | BW5: 204 | BX5: 206 | BY5: 207 | BZ5: 205 | CA5: 205 | CB5: 206 | CC5: 207 | CD5: 206 | CE5: 207 | CF5: 206 | CG5: 207 | CH5: 205 | CI5: 207 | CJ5: 209 | CK5: 206 | CL5: 206 | CM5: 207 | CN5: 208 | CO5: 209 | CP5: 208 | CQ5: 208 | CR5: 208 | CS5: 207 | CT5: 206 | CU5: 207 | CV5: 208 | CW5: 209 | CX5: 208 | CY5: 209 | CZ5: 208 | DA5: 208 | DB5: 208 | DC5: 209 | DD5: 209 | DE5: 210 | DF5: 210 | DG5: 209 | DH5: 209 | DI5: 210 | DJ5: 209 | DK5: 209 | DL5: 209 | DM5: 209 | DN5: 210 | DO5: 210 | DP5: 211 | DQ5: 211
B6: 206 | C6: 206 | D6: 207 | E6: 207 | F6: 208 | G6: 207 | H6: 209 | I6: 208 | J6: 206 | K6: 206 | L6: 207 | M6: 209 | N6: 207 | O6: 206 | P6: 206 | Q6: 204 | R6: 207 | S6: 207 | T6: 207 | U6: 206 | V6: 206 | W6: 207 | X6: 207 | Y6: 206 | Z6: 205 | AA6: 206 | AB6: 205 | AC6: 207 | AD6: 207 | AE6: 207 | AF6: 207 | AG6: 205 | AH6: 207 | AI6: 206 | AJ6: 206 | AK6: 206 | AL6: 207 | AM6: 206 | AN6: 206 | AO6: 206 | AP6: 206 | AQ6: 206 | AR6: 207 | AS6: 207 | AT6: 207 | AU6: 207 | AV6: 206 | AW6: 207 | AX6: 207 | AY6: 206 | AZ6: 205 | BA6: 207 | BB6: 207 | BC6: 207 | BD6: 208 | BE6: 207 | BF6: 207 | BG6: 206 | BH6: 206 | BI6: 206 | BJ6: 203 | BK6: 204 | BL6: 206 | BM6: 207 | BN6: 207 | BO6: 205 | BP6: 206 | BQ6: 206 | BR6: 207 | BS6: 207 | BT6: 206 | BU6: 206 | BV6: 207 | BW6: 208 | BX6: 207 | BY6: 205 | BZ6: 207 | CA6: 208 | CB6: 206 | CC6: 207 | CD6: 207 | CE6: 207 | CF6: 207 | CG6: 207 | CH6: 207 | CI6: 208 | CJ6: 208 | CK6: 207 | CL6: 208 | CM6: 209 | CN6: 208 | CO6: 210 | CP6: 208 | CQ6: 208 | CR6: 209 | CS6: 208 | CT6: 209 | CU6: 209 | CV6: 210 | CW6: 211 | CX6: 212 | CY6: 210 | CZ6: 210 | DA6: 210 | DB6: 210 | DC6: 211 | DD6: 209 | DE6: 210 | DF6: 210 | DG6: 211 | DH6: 211 | DI6: 211 | DJ6: 211 | DK6: 210 | DL6: 210 | DM6: 211 | DN6: 211 | DO6: 210 | DP6: 210 | DQ6: 210
B7: 205 | C7: 208 | D7: 208 | E7: 208 | F7: 209 | G7: 209 | H7: 208 | I7: 208 | J7: 208 | K7: 208 | L7: 208 | M7: 208 | N7: 208 | O7: 208 | P7: 208 | Q7: 207 | R7: 208 | S7: 206 | T7: 208 | U7: 208 | V7: 208 | W7: 208 | X7: 208 | Y7: 209 | Z7: 207 | AA7: 207 | AB7: 205 | AC7: 207 | AD7: 206 | AE7: 208 | AF7: 207 | AG7: 206 | AH7: 207 | AI7: 207 | AJ7: 207 | AK7: 207 | AL7: 208 | AM7: 209 | AN7: 209 | AO7: 207 | AP7: 207 | AQ7: 207 | AR7: 207 | AS7: 206 | AT7: 206 | AU7: 207 | AV7: 208 | AW7: 205 | AX7: 208 | AY7: 208 | AZ7: 208 | BA7: 209 | BB7: 207 | BC7: 207 | BD7: 208 | BE7: 208 | BF7: 207 | BG7: 207 | BH7: 206 | BI7: 208 | BJ7: 207 | BK7: 206 | BL7: 208 | BM7: 208 | BN7: 206 | BO7: 207 | BP7: 207 | BQ7: 208 | BR7: 208 | BS7: 206 | BT7: 206 | BU7: 208 | BV7: 208 | BW7: 207 | BX7: 207 | BY7: 207 | BZ7: 208 | CA7: 209 | CB7: 208 | CC7: 207 | CD7: 208 | CE7: 209 | CF7: 209 | CG7: 209 | CH7: 210 | CI7: 209 | CJ7: 209 | CK7: 209 | CL7: 209 | CM7: 211 | CN7: 211 | CO7: 209 | CP7: 209 | CQ7: 210 | CR7: 210 | CS7: 210 | CT7: 210 | CU7: 211 | CV7: 210 | CW7: 210 | CX7: 211 | CY7: 210 | CZ7: 212 | DA7: 211 | DB7: 209 | DC7: 211 | DD7: 211 | DE7: 211 | DF7: 212 | DG7: 211 | DH7: 210 | DI7: 211 | DJ7: 212 | DK7: 211 | DL7: 211 | DM7: 212 | DN7: 212 | DO7: 212 | DP7: 212 | DQ7: 211
B8: 209 | C8: 208 | D8: 210 | E8: 212 | F8: 211 | G8: 212 | H8: 209 | I8: 209 | J8: 210 | K8: 210 | L8: 209 | M8: 209 | N8: 206 | O8: 209 | P8: 208 | Q8: 212 | R8: 221 | S8: 228 | T8: 228 | U8: 229 | V8: 222 | W8: 208 | X8: 208 | Y8: 209 | Z8: 209 | AA8: 208 | AB8: 209 | AC8: 207 | AD8: 206 | AE8: 209 | AF8: 208 | AG8: 208 | AH8: 208 | AI8: 210 | AJ8: 209 | AK8: 209 | AL8: 209 | AM8: 210 | AN8: 210 | AO8: 209 | AP8: 209 | AQ8: 208 | AR8: 209 | AS8: 209 | AT8: 208 | AU8: 209 | AV8: 207 | AW8: 209 | AX8: 209 | AY8: 209 | AZ8: 209 | BA8: 209 | BB8: 207 | BC8: 207 | BD8: 207 | BE8: 207 | BF8: 208 | BG8: 208 | BH8: 208 | BI8: 209 | BJ8: 210 | BK8: 206 | BL8: 208 | BM8: 209 | BN8: 207 | BO8: 208 | BP8: 208 | BQ8: 207 | BR8: 208 | BS8: 208 | BT8: 208 | BU8: 209 | BV8: 210 | BW8: 209 | BX8: 208 | BY8: 208 | BZ8: 208 | CA8: 208 | CB8: 209 | CC8: 207 | CD8: 208 | CE8: 209 | CF8: 209 | CG8: 210 | CH8: 210 | CI8: 210 | CJ8: 208 | CK8: 209 | CL8: 210 | CM8: 212 | CN8: 210 | CO8: 211 | CP8: 210 | CQ8: 211 | CR8: 212 | CS8: 211 | CT8: 212 | CU8: 212 | CV8: 212 | CW8: 212 | CX8: 212 | CY8: 211 | CZ8: 210 | DA8: 213 | DB8: 211 | DC8: 209 | DD8: 211 | DE8: 212 | DF8: 213 | DG8: 213 | DH8: 212 | DI8: 212 | DJ8: 213 | DK8: 213 | DL8: 213 | DM8: 213 | DN8: 212 | DO8: 213 | DP8: 213 | DQ8: 213
B9: 211 | C9: 212 | D9: 212 | E9: 212 | F9: 213 | G9: 212 | H9: 212 | I9: 211 | J9: 213 | K9: 212 | L9: 209 | M9: 208 | N9: 210 | O9: 227 | P9: 234 | Q9: 230 | R9: 233 | S9: 235 | T9: 235 | U9: 234 | V9: 233 | W9: 229 | X9: 218 | Y9: 209 | Z9: 210 | AA9: 212 | AB9: 210 | AC9: 210 | AD9: 212 | AE9: 210 | AF9: 209 | AG9: 211 | AH9: 209 | AI9: 210 | AJ9: 210 | AK9: 209 | AL9: 209 | AM9: 210 | AN9: 210 | AO9: 210 | AP9: 210 | AQ9: 210 | AR9: 210 | AS9: 208 | AT9: 208 | AU9: 209 | AV9: 208 | AW9: 209 | AX9: 210 | AY9: 209 | AZ9: 208 | BA9: 208 | BB9: 209 | BC9: 209 | BD9: 210 | BE9: 210 | BF9: 207 | BG9: 207 | BH9: 208 | BI9: 211 | BJ9: 208 | BK9: 207 | BL9: 206 | BM9: 207 | BN9: 208 | BO9: 206 | BP9: 207 | BQ9: 207 | BR9: 209 | BS9: 209 | BT9: 207 | BU9: 208 | BV9: 208 | BW9: 210 | BX9: 208 | BY9: 210 | BZ9: 209 | CA9: 213 | CB9: 211 | CC9: 209 | CD9: 209 | CE9: 210 | CF9: 210 | CG9: 210 | CH9: 210 | CI9: 211 | CJ9: 211 | CK9: 211 | CL9: 211 | CM9: 210 | CN9: 211 | CO9: 213 | CP9: 212 | CQ9: 212 | CR9: 212 | CS9: 212 | CT9: 212 | CU9: 212 | CV9: 211 | CW9: 211 | CX9: 212 | CY9: 213 | CZ9: 210 | DA9: 212 | DB9: 213 | DC9: 214 | DD9: 213 | DE9: 214 | DF9: 213 | DG9: 214 | DH9: 214 | DI9: 215 | DJ9: 214 | DK9: 214 | DL9: 215 | DM9: 214 | DN9: 213 | DO9: 214 | DP9: 212 | DQ9: 211
B10: 214 | C10: 213 | D10: 212 | E10: 212 | F10: 213 | G10: 212 | H10: 212 | I10: 211 | J10: 211 | K10: 212 | L10: 213 | M10: 218 | N10: 220 | O10: 231 | P10: 235 | Q10: 235 | R10: 235 | S10: 236 | T10: 235 | U10: 235 | V10: 234 | W10: 234 | X10: 227 | Y10: 217 | Z10: 212 | AA10: 210 | AB10: 211 | AC10: 210 | AD10: 210 | AE10: 211 | AF10: 212 | AG10: 211 | AH10: 212 | AI10: 211 | AJ10: 211 | AK10: 210 | AL10: 209 | AM10: 210 | AN10: 210 | AO10: 211 | AP10: 210 | AQ10: 210 | AR10: 210 | AS10: 211 | AT10: 209 | AU10: 211 | AV10: 209 | AW10: 210 | AX10: 210 | AY10: 209 | AZ10: 209 | BA10: 209 | BB10: 211 | BC10: 213 | BD10: 190 | BE10: 152 | BF10: 137 | BG10: 136 | BH10: 139 | BI10: 142 | BJ10: 140 | BK10: 140 | BL10: 140 | BM10: 141 | BN10: 157 | BO10: 180 | BP10: 203 | BQ10: 210 | BR10: 207 | BS10: 208 | BT10: 207 | BU10: 207 | BV10: 210 | BW10: 208 | BX10: 211 | BY10: 212 | BZ10: 208 | CA10: 211 | CB10: 210 | CC10: 209 | CD10: 210 | CE10: 210 | CF10: 210 | CG10: 210 | CH10: 211 | CI10: 211 | CJ10: 210 | CK10: 211 | CL10: 211 | CM10: 213 | CN10: 212 | CO10: 211 | CP10: 212 | CQ10: 212 | CR10: 211 | CS10: 212 | CT10: 213 | CU10: 213 | CV10: 213 | CW10: 213 | CX10: 211 | CY10: 213 | CZ10: 214 | DA10: 214 | DB10: 211 | DC10: 213 | DD10: 213 | DE10: 214 | DF10: 213 | DG10: 215 | DH10: 215 | DI10: 214 | DJ10: 214 | DK10: 215 | DL10: 214 | DM10: 215 | DN10: 213 | DO10: 213 | DP10: 213 | DQ10: 214
B11: 215 | C11: 215 | D11: 212 | E11: 213 | F11: 215 | G11: 214 | H11: 214 | I11: 214 | J11: 214 | K11: 213 | L11: 218 | M11: 230 | N11: 234 | O11: 234 | P11: 236 | Q11: 235 | R11: 234 | S11: 235 | T11: 235 | U11: 234 | V11: 234 | W11: 234 | X11: 234 | Y11: 223 | Z11: 213 | AA11: 213 | AB11: 214 | AC11: 212 | AD11: 212 | AE11: 212 | AF11: 213 | AG11: 210 | AH11: 212 | AI11: 212 | AJ11: 211 | AK11: 212 | AL11: 211 | AM11: 211 | AN11: 212 | AO11: 212 | AP11: 212 | AQ11: 212 | AR11: 210 | AS11: 212 | AT11: 208 | AU11: 209 | AV11: 210 | AW11: 211 | AX11: 193 | AY11: 107 | AZ11: 94 | BA11: 93 | BB11: 92 | BC11: 96 | BD11: 74 | BE11: 43 | BF11: 27 | BG11: 30 | BH11: 31 | BI11: 32 | BJ11: 29 | BK11: 29 | BL11: 32 | BM11: 29 | BN11: 45 | BO11: 65 | BP11: 86 | BQ11: 94 | BR11: 90 | BS11: 92 | BT11: 88 | BU11: 157 | BV11: 203 | BW11: 211 | BX11: 210 | BY11: 211 | BZ11: 209 | CA11: 212 | CB11: 211 | CC11: 212 | CD11: 212 | CE11: 211 | CF11: 210 | CG11: 210 | CH11: 211 | CI11: 212 | CJ11: 213 | CK11: 214 | CL11: 213 | CM11: 210 | CN11: 212 | CO11: 212 | CP11: 213 | CQ11: 212 | CR11: 211 | CS11: 214 | CT11: 214 | CU11: 214 | CV11: 214 | CW11: 214 | CX11: 213 | CY11: 223 | CZ11: 227 | DA11: 229 | DB11: 226 | DC11: 225 | DD11: 218 | DE11: 214 | DF11: 215 | DG11: 214 | DH11: 214 | DI11: 216 | DJ11: 215 | DK11: 215 | DL11: 215 | DM11: 215 | DN11: 215 | DO11: 215 | DP11: 216 | DQ11: 214
B12: 213 | C12: 215 | D12: 215 | E12: 216 | F12: 215 | G12: 215 | H12: 216 | I12: 214 | J12: 213 | K12: 215 | L12: 222 | M12: 232 | N12: 234 | O12: 235 | P12: 234 | Q12: 234 | R12: 233 | S12: 233 | T12: 232 | U12: 234 | V12: 235 | W12: 234 | X12: 233 | Y12: 223 | Z12: 222 | AA12: 219 | AB12: 215 | AC12: 213 | AD12: 213 | AE12: 213 | AF12: 209 | AG12: 214 | AH12: 211 | AI12: 213 | AJ12: 213 | AK12: 213 | AL12: 212 | AM12: 212 | AN12: 213 | AO12: 213 | AP12: 212 | AQ12: 212 | AR12: 212 | AS12: 210 | AT12: 213 | AU12: 205 | AV12: 41 | AW12: 46 | AX12: 40 | AY12: 29 | AZ12: 37 | BA12: 58 | BB12: 63 | BC12: 62 | BD12: 64 | BE12: 59 | BF12: 58 | BG12: 59 | BH12: 59 | BI12: 58 | BJ12: 63 | BK12: 60 | BL12: 58 | BM12: 57 | BN12: 62 | BO12: 58 | BP12: 59 | BQ12: 61 | BR12: 59 | BS12: 38 | BT12: 26 | BU12: 32 | BV12: 37 | BW12: 39 | BX12: 31 | BY12: 226 | BZ12: 211 | CA12: 211 | CB12: 211 | CC12: 214 | CD12: 214 | CE12: 214 | CF12: 213 | CG12: 212 | CH12: 214 | CI12: 213 | CJ12: 213 | CK12: 212 | CL12: 214 | CM12: 214 | CN12: 212 | CO12: 215 | CP12: 213 | CQ12: 212 | CR12: 213 | CS12: 214 | CT12: 215 | CU12: 214 | CV12: 214 | CW12: 221 | CX12: 229 | CY12: 234 | CZ12: 234 | DA12: 234 | DB12: 233 | DC12: 233 | DD12: 233 | DE12: 230 | DF12: 216 | DG12: 216 | DH12: 217 | DI12: 216 | DJ12: 215 | DK12: 214 | DL12: 216 | DM12: 217 | DN12: 216 | DO12: 216 | DP12: 216 | DQ12: 214
B13: 216 | C13: 217 | D13: 217 | E13: 216 | F13: 217 | G13: 222 | H13: 229 | I13: 230 | J13: 231 | K13: 231 | L13: 228 | M13: 232 | N13: 235 | O13: 234 | P13: 236 | Q13: 236 | R13: 234 | S13: 235 | T13: 234 | U13: 233 | V13: 235 | W13: 236 | X13: 235 | Y13: 233 | Z13: 232 | AA13: 233 | AB13: 233 | AC13: 223 | AD13: 219 | AE13: 217 | AF13: 215 | AG13: 216 | AH13: 215 | AI13: 215 | AJ13: 214 | AK13: 214 | AL13: 214 | AM13: 214 | AN13: 212 | AO13: 212 | AP13: 214 | AQ13: 183 | AR13: 174 | AS13: 42 | AT13: 33 | AU13: 35 | AV13: 40 | AW13: 68 | AX13: 62 | AY13: 64 | AZ13: 63 | BA13: 63 | BB13: 61 | BC13: 60 | BD13: 61 | BE13: 60 | BF13: 62 | BG13: 62 | BH13: 62 | BI13: 62 | BJ13: 60 | BK13: 59 | BL13: 60 | BM13: 58 | BN13: 62 | BO13: 61 | BP13: 59 | BQ13: 58 | BR13: 57 | BS13: 58 | BT13: 59 | BU13: 58 | BV13: 64 | BW13: 38 | BX13: 32 | BY13: 37 | BZ13: 32 | CA13: 65 | CB13: 170 | CC13: 186 | CD13: 212 | CE13: 214 | CF13: 213 | CG13: 214 | CH13: 214 | CI13: 212 | CJ13: 215 | CK13: 214 | CL13: 213 | CM13: 214 | CN13: 215 | CO13: 213 | CP13: 216 | CQ13: 213 | CR13: 215 | CS13: 214 | CT13: 215 | CU13: 214 | CV13: 218 | CW13: 229 | CX13: 233 | CY13: 234 | CZ13: 234 | DA13: 234 | DB13: 235 | DC13: 233 | DD13: 235 | DE13: 235 | DF13: 234 | DG13: 228 | DH13: 217 | DI13: 217 | DJ13: 218 | DK13: 219 | DL13: 217 | DM13: 217 | DN13: 217 | DO13: 218 | DP13: 217 | DQ13: 215
... B151: 219 | C151: 217 | D151: 217 | E151: 217 | F151: 219 | G151: 219 | H151: 218 | I151: 219 | J151: 217 | K151: 217 | L151: 215 | M151: 217 | N151: 212 | O151: 216 | P151: 214 | Q151: 219 | R151: 211 | S151: 217 | T151: 214 | U151: 214 | V151: 215 | W151: 215 | X151: 214 | Y151: 216 | Z151: 217 | AA151: 215 | AB151: 216 | AC151: 214 | AD151: 216 | AE151: 213 | AF151: 216 | AG151: 216 | AH151: 216 | AI151: 217 | AJ151: 216 | AK151: 216 | AL151: 215 | AM151: 214 | AN151: 215 | AO151: 215 | AP151: 214 | AQ151: 215 | AR151: 212 | AS151: 213 | AT151: 211 | AU151: 216 | AV151: 214 | AW151: 210 | AX151: 214 | AY151: 212 | AZ151: 212 | BA151: 211 | BB151: 212 | BC151: 213 | BD151: 212 | BE151: 213 | BF151: 215 | BG151: 214 | BH151: 214 | BI151: 208 | BJ151: 215 | BK151: 212 | BL151: 215 | BM151: 214 | BN151: 211 | BO151: 211 | BP151: 212 | BQ151: 213 | BR151: 213 | BS151: 214 | BT151: 214 | BU151: 212 | BV151: 213 | BW151: 215 | BX151: 213 | BY151: 215 | BZ151: 218 | CA151: 213 | CB151: 213 | CC151: 214 | CD151: 212 | CE151: 210 | CF151: 210 | CG151: 212 | CH151: 215 | CI151: 214 | CJ151: 216 | CK151: 213 | CL151: 212 | CM151: 212 | CN151: 211 | CO151: 216 | CP151: 212 | CQ151: 213 | CR151: 215 | CS151: 214 | CT151: 214 | CU151: 213 | CV151: 214 | CW151: 216 | CX151: 216 | CY151: 216 | CZ151: 215 | DA151: 216 | DB151: 216 | DC151: 215 | DD151: 218 | DE151: 216 | DF151: 216 | DG151: 214 | DH151: 214 | DI151: 217 | DJ151: 217 | DK151: 217 | DL151: 217 | DM151: 216 | DN151: 218 | DO151: 219 | DP151: 219 | DQ151: 217

Sheet 커널
A1: 0 | B1: 1 | C1: 0 | E1: =A1/$B$5 -> 0 | F1: =B1/$B$5 -> 1 | G1: =C1/$B$5 -> 0
A2: 1 | B2: -3 | C2: 1 | E2: =A2/$B$5 -> 1 | F2: =B2/$B$5 -> -3 | G2: =C2/$B$5 -> 1
A3: 0 | B3: 1 | C3: 0 | E3: =A3/$B$5 -> 0 | F3: =B3/$B$5 -> 1 | G3: =C3/$B$5 -> 0
A5: 합 | B5: =SUM(A1:C3) -> 1

Sheet 데이터 처리 후
A1: =SUMPRODUCT(데이터!A1:C3,커널!$E$1:$G$3) -> -198 | B1: =SUMPRODUCT(데이터!B1:D3,커널!$E$1:$G$3) -> 1 | C1: =SUMPRODUCT(데이터!C1:E3,커널!$E$1:$G$3) -> -5 | D1: =SUMPRODUCT(데이터!D1:F3,커널!$E$1:$G$3) -> 4 | E1: =SUMPRODUCT(데이터!E1:G3,커널!$E$1:$G$3) -> 3 | F1: =SUMPRODUCT(데이터!F1:H3,커널!$E$1:$G$3) -> 2 | G1: =SUMPRODUCT(데이터!G1:I3,커널!$E$1:$G$3) -> 5 | H1: =SUMPRODUCT(데이터!H1:J3,커널!$E$1:$G$3) -> 1 | ... DP1: =SUMPRODUCT(데이터!DP1:DR3,커널!$E$1:$G$3) -> -205
A2: =SUMPRODUCT(데이터!A2:C4,커널!$E$1:$G$3) -> -3 | B2: =SUMPRODUCT(데이터!B2:D4,커널!$E$1:$G$3) -> 204 | C2: =SUMPRODUCT(데이터!C2:E4,커널!$E$1:$G$3) -> 205 | D2: =SUMPRODUCT(데이터!D2:F4,커널!$E$1:$G$3) -> 204 | E2: =SUMPRODUCT(데이터!E2:G4,커널!$E$1:$G$3) -> 201 | F2: =SUMPRODUCT(데이터!F2:H4,커널!$E$1:$G$3) -> 201 | G2: =SUMPRODUCT(데이터!G2:I4,커널!$E$1:$G$3) -> 202 | H2: =SUMPRODUCT(데이터!H2:J4,커널!$E$1:$G$3) -> 200 | ... DP2: =SUMPRODUCT(데이터!DP2:DR4,커널!$E$1:$G$3) -> -1
A3: =SUMPRODUCT(데이터!A3:C5,커널!$E$1:$G$3) -> 0 | B3: =SUMPRODUCT(데이터!B3:D5,커널!$E$1:$G$3) -> 206 | C3: =SUMPRODUCT(데이터!C3:E5,커널!$E$1:$G$3) -> 206 | D3: =SUMPRODUCT(데이터!D3:F5,커널!$E$1:$G$3) -> 201 | E3: =SUMPRODUCT(데이터!E3:G5,커널!$E$1:$G$3) -> 207 | F3: =SUMPRODUCT(데이터!F3:H5,커널!$E$1:$G$3) -> 204 | G3: =SUMPRODUCT(데이터!G3:I5,커널!$E$1:$G$3) -> 204 | H3: =SUMPRODUCT(데이터!H3:J5,커널!$E$1:$G$3) -> 208 | ... DP3: =SUMPRODUCT(데이터!DP3:DR5,커널!$E$1:$G$3) -> -2
A4: =SUMPRODUCT(데이터!A4:C6,커널!$E$1:$G$3) -> 0 | B4: =SUMPRODUCT(데이터!B4:D6,커널!$E$1:$G$3) -> 210 | C4: =SUMPRODUCT(데이터!C4:E6,커널!$E$1:$G$3) -> 199 | D4: =SUMPRODUCT(데이터!D4:F6,커널!$E$1:$G$3) -> 208 | E4: =SUMPRODUCT(데이터!E4:G6,커널!$E$1:$G$3) -> 206 | F4: =SUMPRODUCT(데이터!F4:H6,커널!$E$1:$G$3) -> 207 | G4: =SUMPRODUCT(데이터!G4:I6,커널!$E$1:$G$3) -> 211 | H4: =SUMPRODUCT(데이터!H4:J6,커널!$E$1:$G$3) -> 207 | ... DP4: =SUMPRODUCT(데이터!DP4:DR6,커널!$E$1:$G$3) -> -2
A5: =SUMPRODUCT(데이터!A5:C7,커널!$E$1:$G$3) -> -3 | B5: =SUMPRODUCT(데이터!B5:D7,커널!$E$1:$G$3) -> 206 | C5: =SUMPRODUCT(데이터!C5:E7,커널!$E$1:$G$3) -> 207 | D5: =SUMPRODUCT(데이터!D5:F7,커널!$E$1:$G$3) -> 208 | E5: =SUMPRODUCT(데이터!E5:G7,커널!$E$1:$G$3) -> 205 | F5: =SUMPRODUCT(데이터!F5:H7,커널!$E$1:$G$3) -> 210 | G5: =SUMPRODUCT(데이터!G5:I7,커널!$E$1:$G$3) -> 200 | H5: =SUMPRODUCT(데이터!H5:J7,커널!$E$1:$G$3) -> 204 | ... DP5: =SUMPRODUCT(데이터!DP5:DR7,커널!$E$1:$G$3) -> 2
A6: =SUMPRODUCT(데이터!A6:C8,커널!$E$1:$G$3) -> 8 | B6: =SUMPRODUCT(데이터!B6:D8,커널!$E$1:$G$3) -> 203 | C6: =SUMPRODUCT(데이터!C6:E8,커널!$E$1:$G$3) -> 209 | D6: =SUMPRODUCT(데이터!D6:F8,커널!$E$1:$G$3) -> 212 | E6: =SUMPRODUCT(데이터!E6:G8,커널!$E$1:$G$3) -> 209 | F6: =SUMPRODUCT(데이터!F6:H8,커널!$E$1:$G$3) -> 209 | G6: =SUMPRODUCT(데이터!G6:I8,커널!$E$1:$G$3) -> 211 | H6: =SUMPRODUCT(데이터!H6:J8,커널!$E$1:$G$3) -> 209 | ... DP6: =SUMPRODUCT(데이터!DP6:DR8,커널!$E$1:$G$3) -> 2
A7: =SUMPRODUCT(데이터!A7:C9,커널!$E$1:$G$3) -> -3 | B7: =SUMPRODUCT(데이터!B7:D9,커널!$E$1:$G$3) -> 215 | C7: =SUMPRODUCT(데이터!C7:E9,커널!$E$1:$G$3) -> 210 | D7: =SUMPRODUCT(데이터!D7:F9,커널!$E$1:$G$3) -> 205 | E7: =SUMPRODUCT(데이터!E7:G9,커널!$E$1:$G$3) -> 213 | F7: =SUMPRODUCT(데이터!F7:H9,커널!$E$1:$G$3) -> 205 | G7: =SUMPRODUCT(데이터!G7:I9,커널!$E$1:$G$3) -> 214 | H7: =SUMPRODUCT(데이터!H7:J9,커널!$E$1:$G$3) -> 211 | ... DP7: =SUMPRODUCT(데이터!DP7:DR9,커널!$E$1:$G$3) -> -4
A8: =SUMPRODUCT(데이터!A8:C10,커널!$E$1:$G$3) -> 2 | B8: =SUMPRODUCT(데이터!B8:D10,커널!$E$1:$G$3) -> 208 | C8: =SUMPRODUCT(데이터!C8:E10,커널!$E$1:$G$3) -> 210 | D8: =SUMPRODUCT(데이터!D8:F10,커널!$E$1:$G$3) -> 213 | E8: =SUMPRODUCT(데이터!E8:G10,커널!$E$1:$G$3) -> 209 | F8: =SUMPRODUCT(데이터!F8:H10,커널!$E$1:$G$3) -> 213 | G8: =SUMPRODUCT(데이터!G8:I10,커널!$E$1:$G$3) -> 208 | H8: =SUMPRODUCT(데이터!H8:J10,커널!$E$1:$G$3) -> 212 | ... DP8: =SUMPRODUCT(데이터!DP8:DR10,커널!$E$1:$G$3) -> 6
A9: =SUMPRODUCT(데이터!A9:C11,커널!$E$1:$G$3) -> -3 | B9: =SUMPRODUCT(데이터!B9:D11,커널!$E$1:$G$3) -> 214 | C9: =SUMPRODUCT(데이터!C9:E11,커널!$E$1:$G$3) -> 213 | D9: =SUMPRODUCT(데이터!D9:F11,커널!$E$1:$G$3) -> 214 | E9: =SUMPRODUCT(데이터!E9:G11,커널!$E$1:$G$3) -> 213 | F9: =SUMPRODUCT(데이터!F9:H11,커널!$E$1:$G$3) -> 215 | G9: =SUMPRODUCT(데이터!G9:I11,커널!$E$1:$G$3) -> 213 | H9: =SUMPRODUCT(데이터!H9:J11,커널!$E$1:$G$3) -> 215 | ... DP9: =SUMPRODUCT(데이터!DP9:DR11,커널!$E$1:$G$3) -> -4
A10: =SUMPRODUCT(데이터!A10:C12,커널!$E$1:$G$3) -> -3 | B10: =SUMPRODUCT(데이터!B10:D12,커널!$E$1:$G$3) -> 210 | C10: =SUMPRODUCT(데이터!C10:E12,커널!$E$1:$G$3) -> 219 | D10: =SUMPRODUCT(데이터!D10:F12,커널!$E$1:$G$3) -> 216 | E10: =SUMPRODUCT(데이터!E10:G12,커널!$E$1:$G$3) -> 210 | F10: =SUMPRODUCT(데이터!F10:H12,커널!$E$1:$G$3) -> 214 | G10: =SUMPRODUCT(데이터!G10:I12,커널!$E$1:$G$3) -> 214 | H10: =SUMPRODUCT(데이터!H10:J12,커널!$E$1:$G$3) -> 211 | ... DP10: =SUMPRODUCT(데이터!DP10:DR12,커널!$E$1:$G$3) -> 2
A11: =SUMPRODUCT(데이터!A11:C13,커널!$E$1:$G$3) -> 7 | B11: =SUMPRODUCT(데이터!B11:D13,커널!$E$1:$G$3) -> 215 | C11: =SUMPRODUCT(데이터!C11:E13,커널!$E$1:$G$3) -> 215 | D11: =SUMPRODUCT(데이터!D11:F13,커널!$E$1:$G$3) -> 211 | E11: =SUMPRODUCT(데이터!E11:G13,커널!$E$1:$G$3) -> 218 | F11: =SUMPRODUCT(데이터!F11:H13,커널!$E$1:$G$3) -> 222 | G11: =SUMPRODUCT(데이터!G11:I13,커널!$E$1:$G$3) -> 224 | H11: =SUMPRODUCT(데이터!H11:J13,커널!$E$1:$G$3) -> 231 | ... DP11: =SUMPRODUCT(데이터!DP11:DR13,커널!$E$1:$G$3) -> 3
A12: =SUMPRODUCT(데이터!A12:C14,커널!$E$1:$G$3) -> -1 | B12: =SUMPRODUCT(데이터!B12:D14,커널!$E$1:$G$3) -> 214 | C12: =SUMPRODUCT(데이터!C12:E14,커널!$E$1:$G$3) -> 214 | D12: =SUMPRODUCT(데이터!D12:F14,커널!$E$1:$G$3) -> 223 | E12: =SUMPRODUCT(데이터!E12:G14,커널!$E$1:$G$3) -> 226 | F12: =SUMPRODUCT(데이터!F12:H14,커널!$E$1:$G$3) -> 224 | G12: =SUMPRODUCT(데이터!G12:I14,커널!$E$1:$G$3) -> 214 | H12: =SUMPRODUCT(데이터!H12:J14,커널!$E$1:$G$3) -> 217 | ... DP12: =SUMPRODUCT(데이터!DP12:DR14,커널!$E$1:$G$3) -> 3
... A150: =SUMPRODUCT(데이터!A150:C152,커널!$E$1:$G$3) -> -221 | B150: =SUMPRODUCT(데이터!B150:D152,커널!$E$1:$G$3) -> 3 | C150: =SUMPRODUCT(데이터!C150:E152,커널!$E$1:$G$3) -> -2 | D150: =SUMPRODUCT(데이터!D150:F152,커널!$E$1:$G$3) -> 0 | E150: =SUMPRODUCT(데이터!E150:G152,커널!$E$1:$G$3) -> -2 | F150: =SUMPRODUCT(데이터!F150:H152,커널!$E$1:$G$3) -> -2 | G150: =SUMPRODUCT(데이터!G150:I152,커널!$E$1:$G$3) -> 0 | H150: =SUMPRODUCT(데이터!H150:J152,커널!$E$1:$G$3) -> -6 | ... DP150: =SUMPRODUCT(데이터!DP150:DR152,커널!$E$1:$G$3) -> -216

Sheet Sheet4
