Workbook

Sheet 체험
B1: 엑셀 수식 체험 | AC1: 단축키 및 뜻
AC3: Ctrl + A | AE3: 데이터가 있는 셀 전체 선택
B4: 모든 수식의 시작은 "=" 입니다. | M4: 예) B8셀과 E8셀을 더하라 → =B8+E8 예) B8셀과 F10셀을 곱하라 → =B8*F10 | AC4: F4 | AE4: 절대참조
AC5: A2:F55 | AE5: A2부터 F55까지 선택
B7: 행렬A | E7: 행렬B | H7: A+B | K7: A-B | N7: k | Q7: kA | T7: kB
B8: 1 | C8: 2 | E8: 5 | F8: 6
B9: 3 | C9: 4 | E9: 7 | F9: 8
B12: 다른 시트의 값과 연산할 경우
B14: 행렬A | G14: A + Calc시트C 행렬 | L14: 행렬 A와 다른 시트(Calc)의 행렬 C의 데이터를 더해보세요 | T14: 행렬B | Y14: 2B - Calc시트C 행렬 | AD14: 행렬2B와 다른 시트(Calc)의 행렬 C의 데이터를 빼보세요
B15: 1 | C15: 2 | D15: 4 | E15: 8 | T15: 9 | U15: 2 | V15: 4 | W15: 4
B16: 3 | C16: 4 | D16: 4 | E16: 4 | T16: 4 | U16: 4 | V16: 1 | W16: 1
B17: 3 | C17: 1 | D17: 4 | E17: 3 | T17: 3 | U17: -4 | V17: 4 | W17: 3
B18: 2 | C18: 2 | D18: 5 | E18: 2 | T18: 2 | U18: 2 | V18: 4 | W18: 2
B20: 데이터가 많은 경우 | AS20: AS22부터 BL41까지 고르는 방법은 AS22:BL41 이후 수식 적용후 Ctrl + Enter
B23: A | W23: B | AS23: C행렬(A+B)
B25: 246 | C25: 247 | D25: 247 | E25: 246 | F25: 247 | G25: 246 | H25: 246 | I25: 246 | J25: 243 | K25: 222 | L25: 237 | M25: 246 | N25: 247 | O25: 247 | P25: 247 | Q25: 247 | R25: 247 | S25: 246 | T25: 246 | U25: 246 | W25: 246 | X25: 246 | Y25: 246 | Z25: 246 | AA25: 246 | AB25: 246 | AC25: 246 | AD25: 246 | AE25: 246 | AF25: 246 | AG25: 246 | AH25: 246 | AI25: 246 | AJ25: 246 | AK25: 246 | AL25: 246 | AM25: 246 | AN25: 246 | AO25: 246 | AP25: 246 | AS25: =B25+W25 -> 492 | AT25: =C25+X25 -> 493 | AU25: =D25+Y25 -> 493 | AV25: =E25+Z25 -> 492 | AW25: =F25+AA25 -> 493 | AX25: =G25+AB25 -> 492 | AY25: =H25+AC25 -> 492 | AZ25: =I25+AD25 -> 492 | ... BL25: =U25+AP25 -> 492
B26: 246 | C26: 247 | D26: 247 | E26: 246 | F26: 246 | G26: 218 | H26: 171 | I26: 237 | J26: 221 | K26: 55 | L26: 179 | M26: 246 | N26: 173 | O26: 172 | P26: 219 | Q26: 246 | R26: 246 | S26: 247 | T26: 246 | U26: 246 | W26: 247 | X26: 247 | Y26: 247 | Z26: 247 | AA26: 246 | AB26: 246 | AC26: 247 | AD26: 246 | AE26: 246 | AF26: 247 | AG26: 246 | AH26: 246 | AI26: 247 | AJ26: 246 | AK26: 247 | AL26: 246 | AM26: 247 | AN26: 246 | AO26: 246 | AP26: 247 | AS26: =B26+W26 -> 493 | AT26: =C26+X26 -> 494 | AU26: =D26+Y26 -> 494 | AV26: =E26+Z26 -> 493 | AW26: =F26+AA26 -> 492 | AX26: =G26+AB26 -> 464 | AY26: =H26+AC26 -> 418 | AZ26: =I26+AD26 -> 483 | ... BL26: =U26+AP26 -> 493
B27: 246 | C27: 247 | D27: 247 | E27: 246 | F27: 247 | G27: 179 | H27: 82 | I27: 149 | J27: 117 | K27: 68 | L27: 192 | M27: 154 | N27: 96 | O27: 90 | P27: 188 | Q27: 247 | R27: 246 | S27: 246 | T27: 246 | U27: 246 | W27: 247 | X27: 247 | Y27: 247 | Z27: 246 | AA27: 246 | AB27: 247 | AC27: 246 | AD27: 246 | AE27: 246 | AF27: 246 | AG27: 247 | AH27: 246 | AI27: 246 | AJ27: 246 | AK27: 247 | AL27: 246 | AM27: 246 | AN27: 247 | AO27: 246 | AP27: 246 | AS27: =B27+W27 -> 493 | AT27: =C27+X27 -> 494 | AU27: =D27+Y27 -> 494 | AV27: =E27+Z27 -> 492 | AW27: =F27+AA27 -> 493 | AX27: =G27+AB27 -> 426 | AY27: =H27+AC27 -> 328 | AZ27: =I27+AD27 -> 395 | ... BL27: =U27+AP27 -> 492
B28: 246 | C28: 247 | D28: 246 | E28: 247 | F28: 246 | G28: 177 | H28: 73 | I28: 93 | J28: 80 | K28: 70 | L28: 87 | M28: 86 | N28: 94 | O28: 113 | P28: 218 | Q28: 247 | R28: 247 | S28: 246 | T28: 247 | U28: 246 | W28: 246 | X28: 246 | Y28: 246 | Z28: 247 | AA28: 247 | AB28: 246 | AC28: 246 | AD28: 95 | AE28: 100 | AF28: 101 | AG28: 99 | AH28: 84 | AI28: 91 | AJ28: 246 | AK28: 246 | AL28: 247 | AM28: 246 | AN28: 247 | AO28: 247 | AP28: 246 | AS28: =B28+W28 -> 492 | AT28: =C28+X28 -> 493 | AU28: =D28+Y28 -> 492 | AV28: =E28+Z28 -> 494 | AW28: =F28+AA28 -> 493 | AX28: =G28+AB28 -> 423 | AY28: =H28+AC28 -> 319 | AZ28: =I28+AD28 -> 188 | ... BL28: =U28+AP28 -> 492
B29: 246 | C29: 246 | D29: 246 | E29: 247 | F29: 172 | G29: 62 | H29: 58 | I29: 60 | J29: 74 | K29: 59 | L29: 67 | M29: 69 | N29: 59 | O29: 58 | P29: 63 | Q29: 172 | R29: 247 | S29: 246 | T29: 247 | U29: 246 | W29: 247 | X29: 246 | Y29: 247 | Z29: 246 | AA29: 172 | AB29: 119 | AC29: 123 | AD29: 97 | AE29: 92 | AF29: 106 | AG29: 104 | AH29: 81 | AI29: 79 | AJ29: 56 | AK29: 141 | AL29: 218 | AM29: 246 | AN29: 247 | AO29: 246 | AP29: 246 | AS29: =B29+W29 -> 493 | AT29: =C29+X29 -> 492 | AU29: =D29+Y29 -> 493 | AV29: =E29+Z29 -> 493 | AW29: =F29+AA29 -> 344 | AX29: =G29+AB29 -> 181 | AY29: =H29+AC29 -> 181 | AZ29: =I29+AD29 -> 157 | ... BL29: =U29+AP29 -> 492
B30: 246 | C30: 246 | D30: 247 | E30: 246 | F30: 119 | G30: 62 | H30: 60 | I30: 73 | J30: 99 | K30: 65 | L30: 65 | M30: 91 | N30: 66 | O30: 54 | P30: 64 | Q30: 120 | R30: 247 | S30: 247 | T30: 247 | U30: 246 | W30: 246 | X30: 218 | Y30: 179 | Z30: 177 | AA30: 62 | AB30: 62 | AC30: 78 | AD30: 147 | AE30: 93 | AF30: 103 | AG30: 91 | AH30: 107 | AI30: 83 | AJ30: 70 | AK30: 85 | AL30: 70 | AM30: 177 | AN30: 205 | AO30: 246 | AP30: 246 | AS30: =B30+W30 -> 492 | AT30: =C30+X30 -> 464 | AU30: =D30+Y30 -> 426 | AV30: =E30+Z30 -> 423 | AW30: =F30+AA30 -> 181 | AX30: =G30+AB30 -> 124 | AY30: =H30+AC30 -> 138 | AZ30: =I30+AD30 -> 220 | ... BL30: =U30+AP30 -> 492
B31: 246 | C31: 247 | D31: 246 | E31: 246 | F31: 123 | G31: 78 | H31: 66 | I31: 78 | J31: 59 | K31: 68 | L31: 67 | M31: 58 | N31: 70 | O31: 56 | P31: 63 | Q31: 117 | R31: 246 | S31: 246 | T31: 247 | U31: 246 | W31: 246 | X31: 171 | Y31: 82 | Z31: 73 | AA31: 58 | AB31: 60 | AC31: 66 | AD31: 103 | AE31: 101 | AF31: 113 | AG31: 98 | AH31: 106 | AI31: 88 | AJ31: 79 | AK31: 90 | AL31: 79 | AM31: 65 | AN31: 108 | AO31: 222 | AP31: 247 | AS31: =B31+W31 -> 492 | AT31: =C31+X31 -> 418 | AU31: =D31+Y31 -> 328 | AV31: =E31+Z31 -> 319 | AW31: =F31+AA31 -> 181 | AX31: =G31+AB31 -> 138 | AY31: =H31+AC31 -> 132 | AZ31: =I31+AD31 -> 181 | ... BL31: =U31+AP31 -> 493
B32: 246 | C32: 246 | D32: 246 | E32: 95 | F32: 97 | G32: 147 | H32: 103 | I32: 99 | J32: 104 | K32: 88 | L32: 88 | M32: 90 | N32: 84 | O32: 82 | P32: 125 | Q32: 74 | R32: 92 | S32: 246 | T32: 246 | U32: 246 | W32: 246 | X32: 237 | Y32: 149 | Z32: 93 | AA32: 60 | AB32: 73 | AC32: 78 | AD32: 99 | AE32: 157 | AF32: 111 | AG32: 108 | AH32: 98 | AI32: 97 | AJ32: 121 | AK32: 76 | AL32: 74 | AM32: 79 | AN32: 121 | AO32: 173 | AP32: 245 | AS32: =B32+W32 -> 492 | AT32: =C32+X32 -> 483 | AU32: =D32+Y32 -> 395 | AV32: =E32+Z32 -> 188 | AW32: =F32+AA32 -> 157 | AX32: =G32+AB32 -> 220 | AY32: =H32+AC32 -> 181 | AZ32: =I32+AD32 -> 198 | ... BL32: =U32+AP32 -> 491
B33: 246 | C33: 246 | D33: 246 | E33: 100 | F33: 92 | G33: 93 | H33: 101 | I33: 157 | J33: 125 | K33: 125 | L33: 119 | M33: 98 | N33: 149 | O33: 82 | P33: 70 | Q33: 65 | R33: 84 | S33: 247 | T33: 247 | U33: 246 | W33: 243 | X33: 221 | Y33: 117 | Z33: 80 | AA33: 74 | AB33: 99 | AC33: 59 | AD33: 104 | AE33: 125 | AF33: 119 | AG33: 90 | AH33: 96 | AI33: 91 | AJ33: 87 | AK33: 81 | AL33: 65 | AM33: 72 | AN33: 63 | AO33: 52 | AP33: 221 | AS33: =B33+W33 -> 489 | AT33: =C33+X33 -> 467 | AU33: =D33+Y33 -> 363 | AV33: =E33+Z33 -> 180 | AW33: =F33+AA33 -> 166 | AX33: =G33+AB33 -> 192 | AY33: =H33+AC33 -> 160 | AZ33: =I33+AD33 -> 261 | ... BL33: =U33+AP33 -> 467
B34: 246 | C34: 247 | D34: 246 | E34: 101 | F34: 106 | G34: 103 | H34: 113 | I34: 111 | J34: 119 | K34: 103 | L34: 96 | M34: 91 | N34: 82 | O34: 83 | P34: 75 | Q34: 91 | R34: 82 | S34: 246 | T34: 246 | U34: 246 | W34: 222 | X34: 55 | Y34: 68 | Z34: 70 | AA34: 59 | AB34: 65 | AC34: 68 | AD34: 88 | AE34: 125 | AF34: 103 | AG34: 86 | AH34: 90 | AI34: 88 | AJ34: 98 | AK34: 81 | AL34: 68 | AM34: 75 | AN34: 86 | AO34: 61 | AP34: 157 | AS34: =B34+W34 -> 468 | AT34: =C34+X34 -> 302 | AU34: =D34+Y34 -> 314 | AV34: =E34+Z34 -> 171 | AW34: =F34+AA34 -> 165 | AX34: =G34+AB34 -> 168 | AY34: =H34+AC34 -> 181 | AZ34: =I34+AD34 -> 199 | ... BL34: =U34+AP34 -> 403
B35: 246 | C35: 246 | D35: 247 | E35: 99 | F35: 104 | G35: 91 | H35: 98 | I35: 108 | J35: 90 | K35: 86 | L35: 85 | M35: 73 | N35: 82 | O35: 87 | P35: 83 | Q35: 88 | R35: 82 | S35: 246 | T35: 246 | U35: 246 | W35: 237 | X35: 179 | Y35: 192 | Z35: 87 | AA35: 67 | AB35: 65 | AC35: 67 | AD35: 88 | AE35: 119 | AF35: 96 | AG35: 85 | AH35: 87 | AI35: 82 | AJ35: 95 | AK35: 74 | AL35: 70 | AM35: 71 | AN35: 84 | AO35: 60 | AP35: 47 | AS35: =B35+W35 -> 483 | AT35: =C35+X35 -> 425 | AU35: =D35+Y35 -> 439 | AV35: =E35+Z35 -> 186 | AW35: =F35+AA35 -> 171 | AX35: =G35+AB35 -> 156 | AY35: =H35+AC35 -> 165 | AZ35: =I35+AD35 -> 196 | ... BL35: =U35+AP35 -> 293
B36: 246 | C36: 246 | D36: 246 | E36: 84 | F36: 81 | G36: 107 | H36: 106 | I36: 98 | J36: 96 | K36: 90 | L36: 87 | M36: 83 | N36: 83 | O36: 76 | P36: 70 | Q36: 60 | R36: 77 | S36: 246 | T36: 247 | U36: 246 | W36: 246 | X36: 246 | Y36: 154 | Z36: 86 | AA36: 69 | AB36: 91 | AC36: 58 | AD36: 90 | AE36: 98 | AF36: 91 | AG36: 73 | AH36: 83 | AI36: 81 | AJ36: 79 | AK36: 65 | AL36: 61 | AM36: 63 | AN36: 60 | AO36: 58 | AP36: 201 | AS36: =B36+W36 -> 492 | AT36: =C36+X36 -> 492 | AU36: =D36+Y36 -> 400 | AV36: =E36+Z36 -> 170 | AW36: =F36+AA36 -> 150 | AX36: =G36+AB36 -> 198 | AY36: =H36+AC36 -> 164 | AZ36: =I36+AD36 -> 188 | ... BL36: =U36+AP36 -> 447
... B44: 246 | C44: 247 | D44: 246 | E44: 246 | F44: 246 | G44: 246 | H44: 247 | I44: 245 | J44: 221 | K44: 157 | L44: 47 | M44: 201 | N44: 246 | O44: 246 | P44: 246 | Q44: 246 | R44: 247 | S44: 247 | T44: 246 | U44: 246 | W44: 246 | X44: 246 | Y44: 246 | Z44: 246 | AA44: 246 | AB44: 246 | AC44: 246 | AD44: 246 | AE44: 246 | AF44: 246 | AG44: 246 | AH44: 246 | AI44: 246 | AJ44: 246 | AK44: 246 | AL44: 246 | AM44: 246 | AN44: 246 | AO44: 246 | AP44: 246 | AS44: =B44+W44 -> 492 | AT44: =C44+X44 -> 493 | AU44: =D44+Y44 -> 492 | AV44: =E44+Z44 -> 492 | AW44: =F44+AA44 -> 492 | AX44: =G44+AB44 -> 492 | AY44: =H44+AC44 -> 493 | AZ44: =I44+AD44 -> 491 | ... BL44: =U44+AP44 -> 492

Sheet Calc
B2: 행렬C
B3: -1 | C3: 0 | D3: -1 | E3: 6
B4: 3 | C4: 4 | D4: 4 | E4: 0
B5: 3 | C5: 1 | D5: 4 | E5: 2
B6: 2 | C6: 2 | D6: 5 | E6: 0

Sheet 데이터
A3: 159 | B3: 179 | C3: 110 | D3: 43 | E3: 173 | F3: 168 | G3: 169 | H3: 166 | I3: 165 | J3: 162 | K3: 162 | L3: 163 | M3: 161 | N3: 158 | O3: 158 | P3: 157 | Q3: 157 | R3: 159 | S3: 155 | T3: 156 | U3: 156 | V3: 154 | W3: 152 | X3: 152 | Y3: 154 | Z3: 154 | AA3: 156 | AB3: 156 | AC3: 154 | AD3: 156 | AE3: 154 | AF3: 154 | AG3: 154 | AH3: 154 | AI3: 154 | AJ3: 152 | AK3: 153 | AL3: 153 | AM3: 155 | AN3: 156 | AO3: 154 | AP3: 152 | AQ3: 153 | AR3: 153 | AS3: 153 | AT3: 155 | AU3: 154 | AV3: 154 | AW3: 152 | AX3: 154 | AY3: 156 | AZ3: 153 | BA3: 153 | BB3: 155 | BC3: 156 | BD3: 158 | BE3: 151 | BF3: 154 | BG3: 156 | BH3: 157 | BI3: 155 | BJ3: 156 | BK3: 156 | BL3: 156 | BM3: 155 | BN3: 155 | BO3: 153 | BP3: 154 | BQ3: 155 | BR3: 156 | BS3: 156 | BT3: 153 | BU3: 158 | BV3: 155 | BW3: 156 | BX3: 154 | BY3: 161 | BZ3: 154 | CA3: 158 | CB3: 157 | CC3: 156 | CD3: 158 | CE3: 154 | CF3: 155 | CG3: 155 | CH3: 154 | CI3: 148 | CJ3: 154 | CK3: 156 | CL3: 149 | CM3: 150 | CN3: 154 | CO3: 149 | CP3: 153 | CQ3: 151 | CR3: 148 | CS3: 149 | CT3: 153 | CU3: 150 | CV3: 156
A4: 156 | B4: 189 | C4: 133 | D4: 31 | E4: 140 | F4: 169 | G4: 167 | H4: 168 | I4: 166 | J4: 161 | K4: 161 | L4: 161 | M4: 160 | N4: 158 | O4: 157 | P4: 159 | Q4: 157 | R4: 157 | S4: 157 | T4: 155 | U4: 155 | V4: 154 | W4: 159 | X4: 158 | Y4: 153 | Z4: 154 | AA4: 155 | AB4: 159 | AC4: 158 | AD4: 157 | AE4: 155 | AF4: 158 | AG4: 158 | AH4: 157 | AI4: 156 | AJ4: 153 | AK4: 155 | AL4: 152 | AM4: 157 | AN4: 154 | AO4: 156 | AP4: 154 | AQ4: 158 | AR4: 153 | AS4: 157 | AT4: 157 | AU4: 153 | AV4: 154 | AW4: 156 | AX4: 158 | AY4: 156 | AZ4: 158 | BA4: 156 | BB4: 156 | BC4: 154 | BD4: 156 | BE4: 159 | BF4: 160 | BG4: 157 | BH4: 160 | BI4: 155 | BJ4: 161 | BK4: 159 | BL4: 159 | BM4: 162 | BN4: 159 | BO4: 161 | BP4: 161 | BQ4: 159 | BR4: 161 | BS4: 162 | BT4: 161 | BU4: 164 | BV4: 164 | BW4: 163 | BX4: 162 | BY4: 164 | BZ4: 163 | CA4: 164 | CB4: 163 | CC4: 160 | CD4: 164 | CE4: 165 | CF4: 165 | CG4: 165 | CH4: 163 | CI4: 162 | CJ4: 166 | CK4: 166 | CL4: 165 | CM4: 164 | CN4: 166 | CO4: 165 | CP4: 170 | CQ4: 165 | CR4: 167 | CS4: 166 | CT4: 167 | CU4: 166 | CV4: 169
A5: 156 | B5: 180 | C5: 146 | D5: 60 | E5: 92 | F5: 169 | G5: 169 | H5: 164 | I5: 163 | J5: 164 | K5: 162 | L5: 161 | M5: 160 | N5: 160 | O5: 156 | P5: 155 | Q5: 157 | R5: 156 | S5: 152 | T5: 154 | U5: 155 | V5: 155 | W5: 157 | X5: 156 | Y5: 157 | Z5: 154 | AA5: 154 | AB5: 156 | AC5: 155 | AD5: 154 | AE5: 157 | AF5: 157 | AG5: 154 | AH5: 155 | AI5: 157 | AJ5: 154 | AK5: 157 | AL5: 157 | AM5: 153 | AN5: 158 | AO5: 156 | AP5: 157 | AQ5: 156 | AR5: 157 | AS5: 158 | AT5: 157 | AU5: 157 | AV5: 156 | AW5: 158 | AX5: 157 | AY5: 158 | AZ5: 157 | BA5: 158 | BB5: 159 | BC5: 158 | BD5: 157 | BE5: 159 | BF5: 161 | BG5: 160 | BH5: 159 | BI5: 161 | BJ5: 163 | BK5: 160 | BL5: 161 | BM5: 159 | BN5: 161 | BO5: 162 | BP5: 160 | BQ5: 162 | BR5: 162 | BS5: 162 | BT5: 165 | BU5: 163 | BV5: 165 | BW5: 163 | BX5: 164 | BY5: 164 | BZ5: 167 | CA5: 166 | CB5: 166 | CC5: 164 | CD5: 164 | CE5: 166 | CF5: 165 | CG5: 165 | CH5: 163 | CI5: 163 | CJ5: 168 | CK5: 167 | CL5: 166 | CM5: 167 | CN5: 167 | CO5: 166 | CP5: 167 | CQ5: 167 | CR5: 167 | CS5: 167 | CT5: 168 | CU5: 166 | CV5: 168
A6: 157 | B6: 168 | C6: 179 | D6: 103 | E6: 56 | F6: 160 | G6: 165 | H6: 164 | I6: 162 | J6: 159 | K6: 157 | L6: 157 | M6: 152 | N6: 153 | O6: 149 | P6: 154 | Q6: 152 | R6: 153 | S6: 152 | T6: 151 | U6: 149 | V6: 153 | W6: 152 | X6: 153 | Y6: 153 | Z6: 151 | AA6: 152 | AB6: 155 | AC6: 153 | AD6: 153 | AE6: 156 | AF6: 155 | AG6: 155 | AH6: 154 | AI6: 154 | AJ6: 155 | AK6: 153 | AL6: 154 | AM6: 156 | AN6: 156 | AO6: 156 | AP6: 156 | AQ6: 157 | AR6: 157 | AS6: 158 | AT6: 156 | AU6: 156 | AV6: 157 | AW6: 155 | AX6: 158 | AY6: 156 | AZ6: 158 | BA6: 157 | BB6: 157 | BC6: 157 | BD6: 159 | BE6: 158 | BF6: 158 | BG6: 158 | BH6: 163 | BI6: 160 | BJ6: 159 | BK6: 165 | BL6: 161 | BM6: 161 | BN6: 163 | BO6: 162 | BP6: 163 | BQ6: 165 | BR6: 161 | BS6: 161 | BT6: 161 | BU6: 164 | BV6: 163 | BW6: 163 | BX6: 163 | BY6: 165 | BZ6: 166 | CA6: 167 | CB6: 163 | CC6: 164 | CD6: 167 | CE6: 167 | CF6: 167 | CG6: 166 | CH6: 166 | CI6: 167 | CJ6: 169 | CK6: 170 | CL6: 167 | CM6: 167 | CN6: 167 | CO6: 168 | CP6: 168 | CQ6: 168 | CR6: 170 | CS6: 168 | CT6: 165 | CU6: 166 | CV6: 168
A7: 174 | B7: 156 | C7: 189 | D7: 138 | E7: 44 | F7: 150 | G7: 155 | H7: 157 | I7: 154 | J7: 153 | K7: 154 | L7: 154 | M7: 150 | N7: 147 | O7: 151 | P7: 150 | Q7: 153 | R7: 148 | S7: 152 | T7: 154 | U7: 149 | V7: 150 | W7: 149 | X7: 153 | Y7: 149 | Z7: 146 | AA7: 148 | AB7: 151 | AC7: 149 | AD7: 153 | AE7: 152 | AF7: 151 | AG7: 153 | AH7: 152 | AI7: 153 | AJ7: 150 | AK7: 150 | AL7: 148 | AM7: 153 | AN7: 152 | AO7: 154 | AP7: 152 | AQ7: 153 | AR7: 154 | AS7: 154 | AT7: 158 | AU7: 159 | AV7: 156 | AW7: 155 | AX7: 156 | AY7: 158 | AZ7: 159 | BA7: 159 | BB7: 158 | BC7: 157 | BD7: 158 | BE7: 160 | BF7: 158 | BG7: 158 | BH7: 160 | BI7: 163 | BJ7: 159 | BK7: 162 | BL7: 160 | BM7: 162 | BN7: 161 | BO7: 163 | BP7: 162 | BQ7: 162 | BR7: 161 | BS7: 162 | BT7: 163 | BU7: 165 | BV7: 164 | BW7: 164 | BX7: 165 | BY7: 165 | BZ7: 167 | CA7: 167 | CB7: 165 | CC7: 162 | CD7: 164 | CE7: 166 | CF7: 165 | CG7: 167 | CH7: 166 | CI7: 167 | CJ7: 166 | CK7: 168 | CL7: 169 | CM7: 169 | CN7: 169 | CO7: 169 | CP7: 170 | CQ7: 168 | CR7: 165 | CS7: 166 | CT7: 167 | CU7: 168 | CV7: 170
A8: 187 | B8: 153 | C8: 183 | D8: 133 | E8: 49 | F8: 116 | G8: 160 | H8: 155 | I8: 155 | J8: 155 | K8: 152 | L8: 149 | M8: 151 | N8: 150 | O8: 150 | P8: 148 | Q8: 147 | R8: 147 | S8: 146 | T8: 145 | U8: 147 | V8: 149 | W8: 143 | X8: 146 | Y8: 149 | Z8: 147 | AA8: 148 | AB8: 152 | AC8: 150 | AD8: 150 | AE8: 156 | AF8: 155 | AG8: 150 | AH8: 158 | AI8: 153 | AJ8: 155 | AK8: 151 | AL8: 149 | AM8: 151 | AN8: 146 | AO8: 153 | AP8: 149 | AQ8: 146 | AR8: 150 | AS8: 150 | AT8: 151 | AU8: 152 | AV8: 151 | AW8: 151 | AX8: 152 | AY8: 152 | AZ8: 154 | BA8: 155 | BB8: 154 | BC8: 155 | BD8: 157 | BE8: 159 | BF8: 158 | BG8: 157 | BH8: 155 | BI8: 156 | BJ8: 159 | BK8: 156 | BL8: 159 | BM8: 162 | BN8: 158 | BO8: 161 | BP8: 161 | BQ8: 161 | BR8: 163 | BS8: 161 | BT8: 163 | BU8: 163 | BV8: 164 | BW8: 164 | BX8: 164 | BY8: 167 | BZ8: 164 | CA8: 164 | CB8: 161 | CC8: 163 | CD8: 163 | CE8: 163 | CF8: 168 | CG8: 164 | CH8: 163 | CI8: 167 | CJ8: 166 | CK8: 165 | CL8: 165 | CM8: 171 | CN8: 166 | CO8: 165 | CP8: 168 | CQ8: 167 | CR8: 169 | CS8: 166 | CT8: 170 | CU8: 166 | CV8: 169
A9: 168 | B9: 175 | C9: 189 | D9: 133 | E9: 64 | F9: 82 | G9: 159 | H9: 155 | I9: 155 | J9: 156 | K9: 151 | L9: 154 | M9: 151 | N9: 152 | O9: 149 | P9: 148 | Q9: 150 | R9: 148 | S9: 146 | T9: 145 | U9: 146 | V9: 149 | W9: 150 | X9: 151 | Y9: 150 | Z9: 150 | AA9: 150 | AB9: 150 | AC9: 151 | AD9: 150 | AE9: 149 | AF9: 149 | AG9: 149 | AH9: 149 | AI9: 150 | AJ9: 152 | AK9: 152 | AL9: 155 | AM9: 154 | AN9: 153 | AO9: 153 | AP9: 155 | AQ9: 155 | AR9: 156 | AS9: 156 | AT9: 154 | AU9: 163 | AV9: 162 | AW9: 161 | AX9: 163 | AY9: 159 | AZ9: 157 | BA9: 159 | BB9: 160 | BC9: 155 | BD9: 153 | BE9: 151 | BF9: 153 | BG9: 152 | BH9: 152 | BI9: 152 | BJ9: 154 | BK9: 153 | BL9: 154 | BM9: 153 | BN9: 154 | BO9: 156 | BP9: 155 | BQ9: 157 | BR9: 156 | BS9: 155 | BT9: 157 | BU9: 158 | BV9: 163 | BW9: 160 | BX9: 163 | BY9: 162 | BZ9: 161 | CA9: 163 | CB9: 160 | CC9: 163 | CD9: 166 | CE9: 162 | CF9: 164 | CG9: 162 | CH9: 163 | CI9: 166 | CJ9: 170 | CK9: 165 | CL9: 165 | CM9: 167 | CN9: 165 | CO9: 166 | CP9: 163 | CQ9: 167 | CR9: 167 | CS9: 166 | CT9: 167 | CU9: 166 | CV9: 165
A10: 155 | B10: 148 | C10: 131 | D10: 123 | E10: 67 | F10: 58 | G10: 151 | H10: 158 | I10: 157 | J10: 156 | K10: 155 | L10: 156 | M10: 155 | N10: 154 | O10: 156 | P10: 148 | Q10: 151 | R10: 153 | S10: 151 | T10: 147 | U10: 150 | V10: 148 | W10: 148 | X10: 150 | Y10: 154 | Z10: 151 | AA10: 150 | AB10: 153 | AC10: 155 | AD10: 157 | AE10: 154 | AF10: 153 | AG10: 153 | AH10: 151 | AI10: 154 | AJ10: 152 | AK10: 153 | AL10: 153 | AM10: 154 | AN10: 154 | AO10: 155 | AP10: 153 | AQ10: 153 | AR10: 155 | AS10: 158 | AT10: 158 | AU10: 156 | AV10: 154 | AW10: 161 | AX10: 161 | AY10: 159 | AZ10: 159 | BA10: 157 | BB10: 159 | BC10: 159 | BD10: 157 | BE10: 161 | BF10: 160 | BG10: 165 | BH10: 169 | BI10: 169 | BJ10: 168 | BK10: 171 | BL10: 172 | BM10: 164 | BN10: 163 | BO10: 161 | BP10: 161 | BQ10: 158 | BR10: 159 | BS10: 157 | BT10: 158 | BU10: 157 | BV10: 158 | BW10: 155 | BX10: 159 | BY10: 160 | BZ10: 157 | CA10: 157 | CB10: 158 | CC10: 160 | CD10: 161 | CE10: 157 | CF10: 158 | CG10: 160 | CH10: 159 | CI10: 161 | CJ10: 162 | CK10: 162 | CL10: 156 | CM10: 164 | CN10: 166 | CO10: 165 | CP10: 163 | CQ10: 162 | CR10: 160 | CS10: 164 | CT10: 163 | CU10: 160 | CV10: 164
A11: 137 | B11: 175 | C11: 140 | D11: 133 | E11: 87 | F11: 42 | G11: 137 | H11: 155 | I11: 159 | J11: 153 | K11: 155 | L11: 158 | M11: 156 | N11: 155 | O11: 156 | P11: 153 | Q11: 152 | R11: 150 | S11: 146 | T11: 152 | U11: 153 | V11: 152 | W11: 153 | X11: 153 | Y11: 152 | Z11: 156 | AA11: 153 | AB11: 152 | AC11: 154 | AD11: 154 | AE11: 151 | AF11: 155 | AG11: 155 | AH11: 156 | AI11: 156 | AJ11: 157 | AK11: 158 | AL11: 156 | AM11: 153 | AN11: 156 | AO11: 160 | AP11: 160 | AQ11: 160 | AR11: 158 | AS11: 156 | AT11: 158 | AU11: 161 | AV11: 161 | AW11: 160 | AX11: 159 | AY11: 162 | AZ11: 163 | BA11: 157 | BB11: 161 | BC11: 162 | BD11: 161 | BE11: 160 | BF11: 161 | BG11: 160 | BH11: 165 | BI11: 169 | BJ11: 170 | BK11: 164 | BL11: 169 | BM11: 171 | BN11: 168 | BO11: 169 | BP11: 168 | BQ11: 171 | BR11: 170 | BS11: 169 | BT11: 170 | BU11: 170 | BV11: 174 | BW11: 174 | BX11: 175 | BY11: 175 | BZ11: 175 | CA11: 177 | CB11: 179 | CC11: 177 | CD11: 176 | CE11: 172 | CF11: 171 | CG11: 167 | CH11: 167 | CI11: 163 | CJ11: 161 | CK11: 160 | CL11: 157 | CM11: 157 | CN11: 160 | CO11: 160 | CP11: 159 | CQ11: 156 | CR11: 156 | CS11: 161 | CT11: 160 | CU11: 161 | CV11: 162
A12: 149 | B12: 138 | C12: 145 | D12: 117 | E12: 115 | F12: 53 | G12: 102 | H12: 157 | I12: 154 | J12: 155 | K12: 153 | L12: 155 | M12: 158 | N12: 154 | O12: 153 | P12: 156 | Q12: 154 | R12: 153 | S12: 147 | T12: 144 | U12: 154 | V12: 151 | W12: 152 | X12: 155 | Y12: 155 | Z12: 153 | AA12: 159 | AB12: 156 | AC12: 155 | AD12: 153 | AE12: 154 | AF12: 158 | AG12: 158 | AH12: 157 | AI12: 156 | AJ12: 155 | AK12: 158 | AL12: 161 | AM12: 157 | AN12: 158 | AO12: 157 | AP12: 159 | AQ12: 158 | AR12: 155 | AS12: 155 | AT12: 160 | AU12: 160 | AV12: 157 | AW12: 161 | AX12: 164 | AY12: 163 | AZ12: 162 | BA12: 162 | BB12: 161 | BC12: 162 | BD12: 164 | BE12: 162 | BF12: 162 | BG12: 162 | BH12: 163 | BI12: 168 | BJ12: 165 | BK12: 169 | BL12: 166 | BM12: 170 | BN12: 170 | BO12: 172 | BP12: 168 | BQ12: 170 | BR12: 170 | BS12: 173 | BT12: 173 | BU12: 172 | BV12: 171 | BW12: 172 | BX12: 173 | BY12: 173 | BZ12: 176 | CA12: 174 | CB12: 179 | CC12: 176 | CD12: 181 | CE12: 179 | CF12: 179 | CG12: 182 | CH12: 180 | CI12: 177 | CJ12: 176 | CK12: 180 | CL12: 179 | CM12: 182 | CN12: 182 | CO12: 182 | CP12: 182 | CQ12: 182 | CR12: 180 | CS12: 178 | CT12: 173 | CU12: 174 | CV12: 166
A13: 158 | B13: 141 | C13: 139 | D13: 112 | E13: 126 | F13: 64 | G13: 78 | H13: 155 | I13: 156 | J13: 154 | K13: 153 | L13: 153 | M13: 154 | N13: 156 | O13: 153 | P13: 155 | Q13: 153 | R13: 150 | S13: 149 | T13: 148 | U13: 155 | V13: 153 | W13: 152 | X13: 147 | Y13: 154 | Z13: 156 | AA13: 154 | AB13: 156 | AC13: 153 | AD13: 155 | AE13: 158 | AF13: 156 | AG13: 156 | AH13: 155 | AI13: 157 | AJ13: 158 | AK13: 155 | AL13: 154 | AM13: 158 | AN13: 163 | AO13: 160 | AP13: 158 | AQ13: 158 | AR13: 154 | AS13: 164 | AT13: 162 | AU13: 160 | AV13: 164 | AW13: 164 | AX13: 163 | AY13: 166 | AZ13: 164 | BA13: 163 | BB13: 160 | BC13: 161 | BD13: 167 | BE13: 166 | BF13: 164 | BG13: 167 | BH13: 166 | BI13: 171 | BJ13: 168 | BK13: 167 | BL13: 166 | BM13: 171 | BN13: 171 | BO13: 170 | BP13: 170 | BQ13: 173 | BR13: 174 | BS13: 169 | BT13: 174 | BU13: 172 | BV13: 176 | BW13: 174 | BX13: 173 | BY13: 174 | BZ13: 177 | CA13: 177 | CB13: 177 | CC13: 177 | CD13: 179 | CE13: 175 | CF13: 180 | CG13: 181 | CH13: 176 | CI13: 183 | CJ13: 182 | CK13: 179 | CL13: 180 | CM13: 180 | CN13: 179 | CO13: 181 | CP13: 183 | CQ13: 183 | CR13: 181 | CS13: 184 | CT13: 179 | CU13: 182 | CV13: 181
A14: 158 | B14: 147 | C14: 143 | D14: 129 | E14: 130 | F14: 77 | G14: 46 | H14: 141 | I14: 155 | J14: 155 | K14: 155 | L14: 155 | M14: 157 | N14: 159 | O14: 156 | P14: 153 | Q14: 153 | R14: 153 | S14: 149 | T14: 148 | U14: 148 | V14: 154 | W14: 152 | X14: 151 | Y14: 151 | Z14: 155 | AA14: 158 | AB14: 154 | AC14: 156 | AD14: 154 | AE14: 157 | AF14: 155 | AG14: 155 | AH14: 158 | AI14: 156 | AJ14: 158 | AK14: 161 | AL14: 159 | AM14: 161 | AN14: 158 | AO14: 156 | AP14: 160 | AQ14: 162 | AR14: 161 | AS14: 158 | AT14: 159 | AU14: 161 | AV14: 163 | AW14: 164 | AX14: 162 | AY14: 161 | AZ14: 161 | BA14: 165 | BB14: 163 | BC14: 164 | BD14: 165 | BE14: 164 | BF14: 164 | BG14: 166 | BH14: 168 | BI14: 170 | BJ14: 168 | BK14: 170 | BL14: 166 | BM14: 167 | BN14: 169 | BO14: 171 | BP14: 171 | BQ14: 173 | BR14: 174 | BS14: 174 | BT14: 175 | BU14: 177 | BV14: 175 | BW14: 173 | BX14: 178 | BY14: 173 | BZ14: 177 | CA14: 180 | CB14: 176 | CC14: 179 | CD14: 177 | CE14: 180 | CF14: 179 | CG14: 178 | CH14: 177 | CI14: 177 | CJ14: 182 | CK14: 183 | CL14: 179 | CM14: 181 | CN14: 181 | CO14: 179 | CP14: 179 | CQ14: 181 | CR14: 183 | CS14: 183 | CT14: 176 | CU14: 180 | CV14: 181
... A102: 118 | B102: 116 | C102: 125 | D102: 119 | E102: 122 | F102: 114 | G102: 118 | H102: 111 | I102: 114 | J102: 102 | K102: 101 | L102: 102 | M102: 105 | N102: 96 | O102: 90 | P102: 87 | Q102: 90 | R102: 86 | S102: 53 | T102: 42 | U102: 40 | V102: 37 | W102: 34 | X102: 35 | Y102: 35 | Z102: 31 | AA102: 31 | AB102: 34 | AC102: 41 | AD102: 46 | AE102: 47 | AF102: 57 | AG102: 68 | AH102: 72 | AI102: 67 | AJ102: 68 | AK102: 70 | AL102: 63 | AM102: 68 | AN102: 67 | AO102: 71 | AP102: 76 | AQ102: 75 | AR102: 70 | AS102: 71 | AT102: 72 | AU102: 69 | AV102: 64 | AW102: 65 | AX102: 69 | AY102: 70 | AZ102: 69 | BA102: 65 | BB102: 65 | BC102: 65 | BD102: 65 | BE102: 62 | BF102: 63 | BG102: 59 | BH102: 67 | BI102: 66 | BJ102: 71 | BK102: 74 | BL102: 74 | BM102: 59 | BN102: 80 | BO102: 153 | BP102: 183 | BQ102: 182 | BR102: 182 | BS102: 183 | BT102: 184 | BU102: 177 | BV102: 151 | BW102: 66 | BX102: 40 | BY102: 50 | BZ102: 16 | CA102: 10 | CB102: 13 | CC102: 8 | CD102: 11 | CE102: 85 | CF102: 123 | CG102: 131 | CH102: 120 | CI102: 115 | CJ102: 117 | CK102: 112 | CL102: 107 | CM102: 101 | CN102: 107 | CO102: 84 | CP102: 35 | CQ102: 28 | CR102: 28 | CS102: 115 | CT102: 57 | CU102: 32 | CV102: 25

Sheet 밝기체험
A1: 데이터 시트(A3~CV102)의 숫자에 1.2를 곱하여 밝기를 조절해봅시다.
A3: =데이터!A3 -> 159 | B3: =데이터!B3 -> 179 | C3: =데이터!C3 -> 110 | D3: =데이터!D3 -> 43 | E3: =데이터!E3 -> 173 | F3: =데이터!F3 -> 168 | G3: =데이터!G3 -> 169 | H3: =데이터!H3 -> 166 | ... CV3: =데이터!CV3 -> 156
A4: =데이터!A4 -> 156 | B4: =데이터!B4 -> 189 | C4: =데이터!C4 -> 133 | D4: =데이터!D4 -> 31 | E4: =데이터!E4 -> 140 | F4: =데이터!F4 -> 169 | G4: =데이터!G4 -> 167 | H4: =데이터!H4 -> 168 | ... CV4: =데이터!CV4 -> 169
A5: =데이터!A5 -> 156 | B5: =데이터!B5 -> 180 | C5: =데이터!C5 -> 146 | D5: =데이터!D5 -> 60 | E5: =데이터!E5 -> 92 | F5: =데이터!F5 -> 169 | G5: =데이터!G5 -> 169 | H5: =데이터!H5 -> 164 | ... CV5: =데이터!CV5 -> 168
A6: =데이터!A6 -> 157 | B6: =데이터!B6 -> 168 | C6: =데이터!C6 -> 179 | D6: =데이터!D6 -> 103 | E6: =데이터!E6 -> 56 | F6: =데이터!F6 -> 160 | G6: =데이터!G6 -> 165 | H6: =데이터!H6 -> 164 | ... CV6: =데이터!CV6 -> 168
A7: =데이터!A7 -> 174 | B7: =데이터!B7 -> 156 | C7: =데이터!C7 -> 189 | D7: =데이터!D7 -> 138 | E7: =데이터!E7 -> 44 | F7: =데이터!F7 -> 150 | G7: =데이터!G7 -> 155 | H7: =데이터!H7 -> 157 | ... CV7: =데이터!CV7 -> 170
A8: =데이터!A8 -> 187 | B8: =데이터!B8 -> 153 | C8: =데이터!C8 -> 183 | D8: =데이터!D8 -> 133 | E8: =데이터!E8 -> 49 | F8: =데이터!F8 -> 116 | G8: =데이터!G8 -> 160 | H8: =데이터!H8 -> 155 | ... CV8: =데이터!CV8 -> 169
A9: =데이터!A9 -> 168 | B9: =데이터!B9 -> 175 | C9: =데이터!C9 -> 189 | D9: =데이터!D9 -> 133 | E9: =데이터!E9 -> 64 | F9: =데이터!F9 -> 82 | G9: =데이터!G9 -> 159 | H9: =데이터!H9 -> 155 | ... CV9: =데이터!CV9 -> 165
A10: =데이터!A10 -> 155 | B10: =데이터!B10 -> 148 | C10: =데이터!C10 -> 131 | D10: =데이터!D10 -> 123 | E10: =데이터!E10 -> 67 | F10: =데이터!F10 -> 58 | G10: =데이터!G10 -> 151 | H10: =데이터!H10 -> 158 | ... CV10: =데이터!CV10 -> 164
A11: =데이터!A11 -> 137 | B11: =데이터!B11 -> 175 | C11: =데이터!C11 -> 140 | D11: =데이터!D11 -> 133 | E11: =데이터!E11 -> 87 | F11: =데이터!F11 -> 42 | G11: =데이터!G11 -> 137 | H11: =데이터!H11 -> 155 | ... CV11: =데이터!CV11 -> 162
A12: =데이터!A12 -> 149 | B12: =데이터!B12 -> 138 | C12: =데이터!C12 -> 145 | D12: =데이터!D12 -> 117 | E12: =데이터!E12 -> 115 | F12: =데이터!F12 -> 53 | G12: =데이터!G12 -> 102 | H12: =데이터!H12 -> 157 | ... CV12: =데이터!CV12 -> 166
A13: =데이터!A13 -> 158 | B13: =데이터!B13 -> 141 | C13: =데이터!C13 -> 139 | D13: =데이터!D13 -> 112 | E13: =데이터!E13 -> 126 | F13: =데이터!F13 -> 64 | G13: =데이터!G13 -> 78 | H13: =데이터!H13 -> 155 | ... CV13: =데이터!CV13 -> 181
A14: =데이터!A14 -> 158 | B14: =데이터!B14 -> 147 | C14: =데이터!C14 -> 143 | D14: =데이터!D14 -> 129 | E14: =데이터!E14 -> 130 | F14: =데이터!F14 -> 77 | G14: =데이터!G14 -> 46 | H14: =데이터!H14 -> 141 | ... CV14: =데이터!CV14 -> 181
... A102: =데이터!A102 -> 118 | B102: =데이터!B102 -> 116 | C102: =데이터!C102 -> 125 | D102: =데이터!D102 -> 119 | E102: =데이터!E102 -> 122 | F102: =데이터!F102 -> 114 | G102: =데이터!G102 -> 118 | H102: =데이터!H102 -> 111 | ... CV102: =데이터!CV102 -> 25

Sheet 체험해보기
D1: 직접 수식을 완성해보세요.
A4: 1. 오른쪽의 칸을 수식을 활용해 채워보세요. | D4: 행렬A | H4: 행렬A | L4: A+B | P4: A-B
D5: 1 | E5: 5 | F5: 9 | H5: 3 | I5: 5 | J5: 5
D6: 2 | E6: 4 | F6: 5 | H6: 2 | I6: 3 | J6: 5
D7: 1 | E7: 7 | F7: 8 | H7: 1 | I7: 5 | J7: 1
A10: 2. Pr1의 시트에서 데이터를 변형해 이미지의 밝기를 조절해보세요 | D10: Pr2 시트에 Pr1 시트의 모든 데이터에 1.1을 곱해, 값을 조절해보세요(색조기능을 활용하여 밝기를 조절해보기)

Sheet Pr1
A1: 173 | B1: 173 | C1: 173 | D1: 173 | E1: 173 | F1: 173 | G1: 173 | H1: 173 | I1: 173 | J1: 173 | K1: 173 | L1: 173 | M1: 173 | N1: 173 | O1: 173 | P1: 173 | Q1: 173 | R1: 173 | S1: 173 | T1: 173 | U1: 173 | V1: 173 | W1: 173 | X1: 173 | Y1: 173 | Z1: 173 | AA1: 173 | AB1: 173 | AC1: 173 | AD1: 173 | AE1: 173 | AF1: 173 | AG1: 173 | AH1: 173 | AI1: 173 | AJ1: 173 | AK1: 173 | AL1: 173 | AM1: 173 | AN1: 173 | AO1: 173 | AP1: 173 | AQ1: 173 | AR1: 173 | AS1: 173 | AT1: 173 | AU1: 173 | AV1: 173 | AW1: 173 | AX1: 173 | AY1: 173 | AZ1: 173 | BA1: 173 | BB1: 173 | BC1: 173 | BD1: 173 | BE1: 173 | BF1: 173 | BG1: 173 | BH1: 173 | BI1: 173 | BJ1: 173 | BK1: 173 | BL1: 173 | BM1: 173 | BN1: 173 | BO1: 173 | BP1: 173 | BQ1: 173 | BR1: 173 | BS1: 173 | BT1: 171 | BU1: 169 | BV1: 168 | BW1: 168 | BX1: 168 | BY1: 170 | BZ1: 171 | CA1: 171 | CB1: 171 | CC1: 171 | CD1: 171 | CE1: 171 | CF1: 172 | CG1: 173 | CH1: 173 | CI1: 173 | CJ1: 173 | CK1: 173 | CL1: 173 | CM1: 173 | CN1: 173 | CO1: 173 | CP1: 173 | CQ1: 173 | CR1: 173 | CS1: 173 | CT1: 173 | CU1: 173 | CV1: 173 | CW1: 173 | CX1: 173 | CY1: 173 | CZ1: 173 | DA1: 173 | DB1: 173 | DC1: 173 | DD1: 173 | DE1: 173 | DF1: 173 | DG1: 173 | DH1: 173 | DI1: 173 | DJ1: 173 | DK1: 173 | DL1: 173 | DM1: 173 | DN1: 173 | DO1: 173 | DP1: 173 | DQ1: 173 | DR1: 173 | DS1: 173 | DT1: 173 | DU1: 173 | DV1: 173 | DW1: 173 | DX1: 173 | DY1: 173 | DZ1: 173 | EA1: 173 | EB1: 173 | EC1: 173 | ED1: 173 | EE1: 173 | EF1: 173 | EG1: 173 | EH1: 173 | EI1: 173 | EJ1: 173 | EK1: 173 | EL1: 173 | EM1: 173 | EN1: 173 | EO1: 173 | EP1: 173 | EQ1: 173 | ER1: 173 | ES1: 173 | ET1: 173
A2: 173 | B2: 173 | C2: 173 | D2: 173 | E2: 173 | F2: 173 | G2: 173 | H2: 173 | I2: 173 | J2: 173 | K2: 173 | L2: 173 | M2: 173 | N2: 173 | O2: 173 | P2: 173 | Q2: 173 | R2: 173 | S2: 173 | T2: 173 | U2: 173 | V2: 173 | W2: 173 | X2: 173 | Y2: 173 | Z2: 173 | AA2: 173 | AB2: 173 | AC2: 173 | AD2: 173 | AE2: 173 | AF2: 173 | AG2: 173 | AH2: 173 | AI2: 173 | AJ2: 173 | AK2: 173 | AL2: 173 | AM2: 173 | AN2: 173 | AO2: 173 | AP2: 173 | AQ2: 173 | AR2: 173 | AS2: 173 | AT2: 173 | AU2: 173 | AV2: 173 | AW2: 173 | AX2: 173 | AY2: 173 | AZ2: 173 | BA2: 173 | BB2: 173 | BC2: 173 | BD2: 173 | BE2: 172 | BF2: 172 | BG2: 172 | BH2: 172 | BI2: 172 | BJ2: 172 | BK2: 172 | BL2: 172 | BM2: 172 | BN2: 172 | BO2: 172 | BP2: 172 | BQ2: 172 | BR2: 172 | BS2: 171 | BT2: 153 | BU2: 127 | BV2: 109 | BW2: 106 | BX2: 110 | BY2: 131 | BZ2: 155 | CA2: 169 | CB2: 171 | CC2: 171 | CD2: 171 | CE2: 171 | CF2: 172 | CG2: 172 | CH2: 172 | CI2: 172 | CJ2: 172 | CK2: 172 | CL2: 173 | CM2: 173 | CN2: 173 | CO2: 173 | CP2: 173 | CQ2: 173 | CR2: 173 | CS2: 173 | CT2: 173 | CU2: 173 | CV2: 173 | CW2: 173 | CX2: 173 | CY2: 173 | CZ2: 173 | DA2: 173 | DB2: 173 | DC2: 173 | DD2: 173 | DE2: 173 | DF2: 173 | DG2: 173 | DH2: 173 | DI2: 173 | DJ2: 173 | DK2: 173 | DL2: 173 | DM2: 173 | DN2: 173 | DO2: 173 | DP2: 173 | DQ2: 173 | DR2: 173 | DS2: 173 | DT2: 173 | DU2: 173 | DV2: 173 | DW2: 173 | DX2: 173 | DY2: 173 | DZ2: 173 | EA2: 173 | EB2: 173 | EC2: 173 | ED2: 173 | EE2: 173 | EF2: 173 | EG2: 173 | EH2: 173 | EI2: 173 | EJ2: 173 | EK2: 173 | EL2: 173 | EM2: 173 | EN2: 173 | EO2: 173 | EP2: 173 | EQ2: 173 | ER2: 173 | ES2: 173 | ET2: 173
A3: 173 | B3: 173 | C3: 173 | D3: 173 | E3: 173 | F3: 173 | G3: 173 | H3: 173 | I3: 173 | J3: 173 | K3: 173 | L3: 173 | M3: 173 | N3: 173 | O3: 173 | P3: 173 | Q3: 173 | R3: 173 | S3: 173 | T3: 173 | U3: 173 | V3: 173 | W3: 173 | X3: 173 | Y3: 173 | Z3: 173 | AA3: 173 | AB3: 173 | AC3: 173 | AD3: 173 | AE3: 173 | AF3: 173 | AG3: 173 | AH3: 173 | AI3: 173 | AJ3: 173 | AK3: 173 | AL3: 173 | AM3: 173 | AN3: 173 | AO3: 173 | AP3: 173 | AQ3: 173 | AR3: 173 | AS3: 173 | AT3: 173 | AU3: 173 | AV3: 173 | AW3: 173 | AX3: 173 | AY3: 173 | AZ3: 173 | BA3: 173 | BB3: 173 | BC3: 173 | BD3: 173 | BE3: 171 | BF3: 171 | BG3: 171 | BH3: 171 | BI3: 171 | BJ3: 171 | BK3: 171 | BL3: 171 | BM3: 171 | BN3: 171 | BO3: 170 | BP3: 170 | BQ3: 171 | BR3: 169 | BS3: 125 | BT3: 52 | BU3: 26 | BV3: 19 | BW3: 17 | BX3: 18 | BY3: 26 | BZ3: 54 | CA3: 135 | CB3: 170 | CC3: 170 | CD3: 171 | CE3: 171 | CF3: 171 | CG3: 171 | CH3: 171 | CI3: 171 | CJ3: 171 | CK3: 172 | CL3: 173 | CM3: 173 | CN3: 173 | CO3: 173 | CP3: 173 | CQ3: 173 | CR3: 173 | CS3: 173 | CT3: 173 | CU3: 173 | CV3: 173 | CW3: 173 | CX3: 173 | CY3: 173 | CZ3: 173 | DA3: 173 | DB3: 173 | DC3: 173 | DD3: 173 | DE3: 173 | DF3: 173 | DG3: 173 | DH3: 173 | DI3: 173 | DJ3: 173 | DK3: 173 | DL3: 173 | DM3: 173 | DN3: 173 | DO3: 173 | DP3: 173 | DQ3: 173 | DR3: 173 | DS3: 173 | DT3: 173 | DU3: 173 | DV3: 173 | DW3: 173 | DX3: 173 | DY3: 173 | DZ3: 173 | EA3: 173 | EB3: 173 | EC3: 173 | ED3: 173 | EE3: 173 | EF3: 173 | EG3: 173 | EH3: 173 | EI3: 173 | EJ3: 173 | EK3: 173 | EL3: 173 | EM3: 173 | EN3: 173 | EO3: 173 | EP3: 173 | EQ3: 173 | ER3: 173 | ES3: 173 | ET3: 173
A4: 173 | B4: 173 | C4: 173 | D4: 173 | E4: 173 | F4: 173 | G4: 173 | H4: 173 | I4: 173 | J4: 173 | K4: 173 | L4: 173 | M4: 173 | N4: 173 | O4: 173 | P4: 173 | Q4: 173 | R4: 173 | S4: 173 | T4: 173 | U4: 173 | V4: 173 | W4: 173 | X4: 173 | Y4: 173 | Z4: 173 | AA4: 173 | AB4: 173 | AC4: 173 | AD4: 173 | AE4: 173 | AF4: 173 | AG4: 173 | AH4: 173 | AI4: 173 | AJ4: 173 | AK4: 173 | AL4: 173 | AM4: 173 | AN4: 173 | AO4: 173 | AP4: 173 | AQ4: 173 | AR4: 173 | AS4: 172 | AT4: 172 | AU4: 172 | AV4: 173 | AW4: 173 | AX4: 173 | AY4: 173 | AZ4: 173 | BA4: 173 | BB4: 173 | BC4: 172 | BD4: 172 | BE4: 171 | BF4: 171 | BG4: 171 | BH4: 171 | BI4: 171 | BJ4: 171 | BK4: 170 | BL4: 169 | BM4: 170 | BN4: 172 | BO4: 170 | BP4: 157 | BQ4: 141 | BR4: 98 | BS4: 21 | BT4: 15 | BU4: 14 | BV4: 13 | BW4: 12 | BX4: 11 | BY4: 12 | BZ4: 12 | CA4: 29 | CB4: 112 | CC4: 146 | CD4: 160 | CE4: 170 | CF4: 171 | CG4: 170 | CH4: 171 | CI4: 170 | CJ4: 170 | CK4: 172 | CL4: 173 | CM4: 173 | CN4: 172 | CO4: 172 | CP4: 172 | CQ4: 172 | CR4: 172 | CS4: 172 | CT4: 172 | CU4: 173 | CV4: 173 | CW4: 173 | CX4: 173 | CY4: 173 | CZ4: 173 | DA4: 173 | DB4: 173 | DC4: 173 | DD4: 173 | DE4: 173 | DF4: 173 | DG4: 173 | DH4: 173 | DI4: 173 | DJ4: 173 | DK4: 173 | DL4: 173 | DM4: 173 | DN4: 173 | DO4: 173 | DP4: 173 | DQ4: 173 | DR4: 173 | DS4: 173 | DT4: 173 | DU4: 173 | DV4: 173 | DW4: 173 | DX4: 173 | DY4: 173 | DZ4: 173 | EA4: 173 | EB4: 173 | EC4: 173 | ED4: 173 | EE4: 173 | EF4: 173 | EG4: 173 | EH4: 173 | EI4: 173 | EJ4: 173 | EK4: 173 | EL4: 173 | EM4: 173 | EN4: 173 | EO4: 173 | EP4: 173 | EQ4: 173 | ER4: 173 | ES4: 173 | ET4: 173
A5: 173 | B5: 173 | C5: 173 | D5: 173 | E5: 173 | F5: 173 | G5: 173 | H5: 173 | I5: 173 | J5: 173 | K5: 173 | L5: 173 | M5: 173 | N5: 173 | O5: 173 | P5: 173 | Q5: 173 | R5: 173 | S5: 173 | T5: 173 | U5: 173 | V5: 173 | W5: 173 | X5: 173 | Y5: 173 | Z5: 173 | AA5: 173 | AB5: 173 | AC5: 173 | AD5: 173 | AE5: 173 | AF5: 173 | AG5: 173 | AH5: 173 | AI5: 173 | AJ5: 173 | AK5: 173 | AL5: 173 | AM5: 173 | AN5: 173 | AO5: 173 | AP5: 173 | AQ5: 173 | AR5: 173 | AS5: 171 | AT5: 171 | AU5: 171 | AV5: 173 | AW5: 173 | AX5: 173 | AY5: 173 | AZ5: 173 | BA5: 173 | BB5: 173 | BC5: 171 | BD5: 171 | BE5: 171 | BF5: 171 | BG5: 171 | BH5: 170 | BI5: 170 | BJ5: 165 | BK5: 158 | BL5: 143 | BM5: 124 | BN5: 81 | BO5: 40 | BP5: 29 | BQ5: 18 | BR5: 15 | BS5: 17 | BT5: 20 | BU5: 21 | BV5: 22 | BW5: 22 | BX5: 19 | BY5: 19 | BZ5: 19 | CA5: 15 | CB5: 14 | CC5: 18 | CD5: 31 | CE5: 52 | CF5: 99 | CG5: 130 | CH5: 148 | CI5: 161 | CJ5: 167 | CK5: 172 | CL5: 172 | CM5: 172 | CN5: 171 | CO5: 171 | CP5: 171 | CQ5: 171 | CR5: 171 | CS5: 171 | CT5: 171 | CU5: 172 | CV5: 173 | CW5: 173 | CX5: 173 | CY5: 173 | CZ5: 173 | DA5: 173 | DB5: 173 | DC5: 173 | DD5: 173 | DE5: 173 | DF5: 173 | DG5: 173 | DH5: 173 | DI5: 173 | DJ5: 173 | DK5: 173 | DL5: 173 | DM5: 173 | DN5: 173 | DO5: 173 | DP5: 173 | DQ5: 173 | DR5: 173 | DS5: 173 | DT5: 173 | DU5: 173 | DV5: 173 | DW5: 173 | DX5: 173 | DY5: 173 | DZ5: 173 | EA5: 173 | EB5: 173 | EC5: 173 | ED5: 173 | EE5: 173 | EF5: 173 | EG5: 173 | EH5: 173 | EI5: 173 | EJ5: 173 | EK5: 173 | EL5: 173 | EM5: 173 | EN5: 173 | EO5: 173 | EP5: 173 | EQ5: 173 | ER5: 173 | ES5: 173 | ET5: 173
A6: 173 | B6: 173 | C6: 173 | D6: 173 | E6: 173 | F6: 173 | G6: 173 | H6: 173 | I6: 173 | J6: 173 | K6: 173 | L6: 173 | M6: 173 | N6: 173 | O6: 173 | P6: 173 | Q6: 173 | R6: 173 | S6: 173 | T6: 173 | U6: 173 | V6: 173 | W6: 173 | X6: 173 | Y6: 173 | Z6: 173 | AA6: 173 | AB6: 173 | AC6: 173 | AD6: 173 | AE6: 173 | AF6: 173 | AG6: 173 | AH6: 173 | AI6: 173 | AJ6: 173 | AK6: 173 | AL6: 173 | AM6: 173 | AN6: 173 | AO6: 173 | AP6: 173 | AQ6: 173 | AR6: 173 | AS6: 171 | AT6: 171 | AU6: 171 | AV6: 172 | AW6: 173 | AX6: 173 | AY6: 173 | AZ6: 173 | BA6: 173 | BB6: 173 | BC6: 171 | BD6: 171 | BE6: 170 | BF6: 171 | BG6: 161 | BH6: 143 | BI6: 124 | BJ6: 86 | BK6: 51 | BL6: 25 | BM6: 17 | BN6: 16 | BO6: 17 | BP6: 21 | BQ6: 26 | BR6: 30 | BS6: 31 | BT6: 33 | BU6: 34 | BV6: 35 | BW6: 34 | BX6: 33 | BY6: 32 | BZ6: 32 | CA6: 31 | CB6: 27 | CC6: 25 | CD6: 20 | CE6: 16 | CF6: 14 | CG6: 19 | CH6: 31 | CI6: 59 | CJ6: 99 | CK6: 129 | CL6: 152 | CM6: 167 | CN6: 171 | CO6: 170 | CP6: 171 | CQ6: 171 | CR6: 171 | CS6: 171 | CT6: 171 | CU6: 172 | CV6: 173 | CW6: 173 | CX6: 173 | CY6: 173 | CZ6: 173 | DA6: 173 | DB6: 173 | DC6: 173 | DD6: 173 | DE6: 173 | DF6: 173 | DG6: 173 | DH6: 173 | DI6: 173 | DJ6: 173 | DK6: 173 | DL6: 173 | DM6: 173 | DN6: 173 | DO6: 173 | DP6: 173 | DQ6: 173 | DR6: 173 | DS6: 173 | DT6: 173 | DU6: 173 | DV6: 172 | DW6: 173 | DX6: 173 | DY6: 173 | DZ6: 173 | EA6: 173 | EB6: 173 | EC6: 173 | ED6: 173 | EE6: 173 | EF6: 173 | EG6: 173 | EH6: 173 | EI6: 173 | EJ6: 173 | EK6: 173 | EL6: 173 | EM6: 173 | EN6: 173 | EO6: 173 | EP6: 173 | EQ6: 173 | ER6: 173 | ES6: 173 | ET6: 173
A7: 173 | B7: 173 | C7: 173 | D7: 173 | E7: 173 | F7: 173 | G7: 173 | H7: 173 | I7: 173 | J7: 173 | K7: 173 | L7: 173 | M7: 173 | N7: 173 | O7: 173 | P7: 173 | Q7: 173 | R7: 173 | S7: 173 | T7: 173 | U7: 173 | V7: 173 | W7: 173 | X7: 173 | Y7: 173 | Z7: 173 | AA7: 173 | AB7: 173 | AC7: 173 | AD7: 173 | AE7: 173 | AF7: 173 | AG7: 173 | AH7: 173 | AI7: 173 | AJ7: 173 | AK7: 173 | AL7: 173 | AM7: 173 | AN7: 173 | AO7: 173 | AP7: 173 | AQ7: 173 | AR7: 173 | AS7: 171 | AT7: 171 | AU7: 171 | AV7: 171 | AW7: 171 | AX7: 171 | AY7: 171 | AZ7: 172 | BA7: 172 | BB7: 173 | BC7: 172 | BD7: 170 | BE7: 153 | BF7: 121 | BG7: 68 | BH7: 35 | BI7: 21 | BJ7: 15 | BK7: 16 | BL7: 21 | BM7: 28 | BN7: 31 | BO7: 31 | BP7: 33 | BQ7: 34 | BR7: 34 | BS7: 33 | BT7: 33 | BU7: 32 | BV7: 33 | BW7: 33 | BX7: 32 | BY7: 32 | BZ7: 32 | CA7: 33 | CB7: 33 | CC7: 34 | CD7: 32 | CE7: 31 | CF7: 30 | CG7: 26 | CH7: 20 | CI7: 19 | CJ7: 18 | CK7: 24 | CL7: 44 | CM7: 91 | CN7: 137 | CO7: 161 | CP7: 171 | CQ7: 171 | CR7: 171 | CS7: 171 | CT7: 171 | CU7: 171 | CV7: 171 | CW7: 171 | CX7: 171 | CY7: 171 | CZ7: 173 | DA7: 173 | DB7: 173 | DC7: 173 | DD7: 173 | DE7: 173 | DF7: 173 | DG7: 173 | DH7: 173 | DI7: 173 | DJ7: 173 | DK7: 173 | DL7: 173 | DM7: 173 | DN7: 173 | DO7: 173 | DP7: 173 | DQ7: 173 | DR7: 173 | DS7: 173 | DT7: 173 | DU7: 173 | DV7: 173 | DW7: 173 | DX7: 173 | DY7: 173 | DZ7: 173 | EA7: 173 | EB7: 173 | EC7: 173 | ED7: 173 | EE7: 173 | EF7: 173 | EG7: 173 | EH7: 173 | EI7: 173 | EJ7: 173 | EK7: 173 | EL7: 173 | EM7: 173 | EN7: 173 | EO7: 173 | EP7: 173 | EQ7: 173 | ER7: 173 | ES7: 173 | ET7: 173
A8: 173 | B8: 173 | C8: 173 | D8: 173 | E8: 173 | F8: 173 | G8: 173 | H8: 173 | I8: 173 | J8: 173 | K8: 173 | L8: 173 | M8: 173 | N8: 173 | O8: 173 | P8: 173 | Q8: 173 | R8: 173 | S8: 173 | T8: 173 | U8: 173 | V8: 173 | W8: 173 | X8: 173 | Y8: 173 | Z8: 173 | AA8: 173 | AB8: 173 | AC8: 173 | AD8: 173 | AE8: 173 | AF8: 173 | AG8: 173 | AH8: 173 | AI8: 173 | AJ8: 173 | AK8: 173 | AL8: 173 | AM8: 173 | AN8: 173 | AO8: 173 | AP8: 173 | AQ8: 173 | AR8: 173 | AS8: 171 | AT8: 171 | AU8: 171 | AV8: 171 | AW8: 171 | AX8: 171 | AY8: 171 | AZ8: 171 | BA8: 170 | BB8: 171 | BC8: 149 | BD8: 89 | BE8: 31 | BF8: 16 | BG8: 13 | BH8: 15 | BI8: 21 | BJ8: 29 | BK8: 33 | BL8: 34 | BM8: 35 | BN8: 35 | BO8: 34 | BP8: 33 | BQ8: 33 | BR8: 34 | BS8: 33 | BT8: 33 | BU8: 33 | BV8: 33 | BW8: 34 | BX8: 33 | BY8: 33 | BZ8: 33 | CA8: 33 | CB8: 33 | CC8: 33 | CD8: 33 | CE8: 33 | CF8: 32 | CG8: 32 | CH8: 33 | CI8: 32 | CJ8: 27 | CK8: 22 | CL8: 13 | CM8: 15 | CN8: 19 | CO8: 56 | CP8: 122 | CQ8: 163 | CR8: 170 | CS8: 171 | CT8: 171 | CU8: 171 | CV8: 171 | CW8: 171 | CX8: 171 | CY8: 171 | CZ8: 173 | DA8: 173 | DB8: 173 | DC8: 173 | DD8: 173 | DE8: 173 | DF8: 173 | DG8: 173 | DH8: 173 | DI8: 173 | DJ8: 173 | DK8: 173 | DL8: 173 | DM8: 173 | DN8: 173 | DO8: 173 | DP8: 173 | DQ8: 173 | DR8: 173 | DS8: 173 | DT8: 173 | DU8: 173 | DV8: 173 | DW8: 173 | DX8: 173 | DY8: 173 | DZ8: 173 | EA8: 173 | EB8: 173 | EC8: 173 | ED8: 173 | EE8: 173 | EF8: 173 | EG8: 173 | EH8: 173 | EI8: 173 | EJ8: 173 | EK8: 173 | EL8: 173 | EM8: 173 | EN8: 173 | EO8: 173 | EP8: 173 | EQ8: 173 | ER8: 173 | ES8: 173 | ET8: 173
A9: 173 | B9: 173 | C9: 173 | D9: 173 | E9: 173 | F9: 173 | G9: 173 | H9: 173 | I9: 173 | J9: 173 | K9: 173 | L9: 173 | M9: 173 | N9: 173 | O9: 173 | P9: 173 | Q9: 173 | R9: 173 | S9: 173 | T9: 173 | U9: 173 | V9: 173 | W9: 173 | X9: 173 | Y9: 173 | Z9: 173 | AA9: 173 | AB9: 173 | AC9: 173 | AD9: 173 | AE9: 173 | AF9: 173 | AG9: 173 | AH9: 173 | AI9: 173 | AJ9: 173 | AK9: 173 | AL9: 173 | AM9: 173 | AN9: 173 | AO9: 173 | AP9: 173 | AQ9: 172 | AR9: 172 | AS9: 171 | AT9: 171 | AU9: 171 | AV9: 171 | AW9: 171 | AX9: 171 | AY9: 170 | AZ9: 164 | BA9: 145 | BB9: 89 | BC9: 22 | BD9: 14 | BE9: 17 | BF9: 19 | BG9: 28 | BH9: 32 | BI9: 33 | BJ9: 32 | BK9: 32 | BL9: 33 | BM9: 34 | BN9: 33 | BO9: 33 | BP9: 33 | BQ9: 33 | BR9: 34 | BS9: 33 | BT9: 32 | BU9: 33 | BV9: 34 | BW9: 33 | BX9: 33 | BY9: 33 | BZ9: 33 | CA9: 33 | CB9: 33 | CC9: 33 | CD9: 34 | CE9: 33 | CF9: 32 | CG9: 33 | CH9: 34 | CI9: 34 | CJ9: 32 | CK9: 33 | CL9: 31 | CM9: 25 | CN9: 17 | CO9: 14 | CP9: 16 | CQ9: 49 | CR9: 123 | CS9: 160 | CT9: 171 | CU9: 171 | CV9: 171 | CW9: 171 | CX9: 171 | CY9: 171 | CZ9: 173 | DA9: 173 | DB9: 173 | DC9: 173 | DD9: 173 | DE9: 173 | DF9: 173 | DG9: 173 | DH9: 173 | DI9: 173 | DJ9: 173 | DK9: 173 | DL9: 173 | DM9: 173 | DN9: 173 | DO9: 173 | DP9: 173 | DQ9: 173 | DR9: 173 | DS9: 173 | DT9: 173 | DU9: 173 | DV9: 173 | DW9: 173 | DX9: 173 | DY9: 173 | DZ9: 173 | EA9: 173 | EB9: 173 | EC9: 173 | ED9: 173 | EE9: 173 | EF9: 173 | EG9: 173 | EH9: 173 | EI9: 173 | EJ9: 173 | EK9: 173 | EL9: 173 | EM9: 173 | EN9: 173 | EO9: 173 | EP9: 173 | EQ9: 173 | ER9: 173 | ES9: 173 | ET9: 173
A10: 173 | B10: 173 | C10: 173 | D10: 173 | E10: 173 | F10: 173 | G10: 173 | H10: 173 | I10: 173 | J10: 173 | K10: 173 | L10: 173 | M10: 173 | N10: 173 | O10: 173 | P10: 173 | Q10: 173 | R10: 173 | S10: 173 | T10: 173 | U10: 173 | V10: 173 | W10: 173 | X10: 173 | Y10: 173 | Z10: 173 | AA10: 173 | AB10: 173 | AC10: 173 | AD10: 173 | AE10: 173 | AF10: 173 | AG10: 173 | AH10: 173 | AI10: 173 | AJ10: 173 | AK10: 173 | AL10: 173 | AM10: 173 | AN10: 173 | AO10: 173 | AP10: 172 | AQ10: 171 | AR10: 171 | AS10: 171 | AT10: 171 | AU10: 171 | AV10: 171 | AW10: 171 | AX10: 169 | AY10: 147 | AZ10: 90 | BA10: 32 | BB10: 14 | BC10: 16 | BD10: 23 | BE10: 31 | BF10: 34 | BG10: 34 | BH10: 34 | BI10: 33 | BJ10: 33 | BK10: 34 | BL10: 33 | BM10: 34 | BN10: 33 | BO10: 34 | BP10: 33 | BQ10: 33 | BR10: 32 | BS10: 28 | BT10: 32 | BU10: 36 | BV10: 39 | BW10: 41 | BX10: 42 | BY10: 44 | BZ10: 49 | CA10: 44 | CB10: 38 | CC10: 30 | CD10: 31 | CE10: 33 | CF10: 33 | CG10: 34 | CH10: 34 | CI10: 33 | CJ10: 33 | CK10: 34 | CL10: 34 | CM10: 33 | CN10: 32 | CO10: 26 | CP10: 21 | CQ10: 16 | CR10: 21 | CS10: 68 | CT10: 136 | CU10: 167 | CV10: 171 | CW10: 171 | CX10: 171 | CY10: 171 | CZ10: 173 | DA10: 173 | DB10: 173 | DC10: 173 | DD10: 173 | DE10: 173 | DF10: 173 | DG10: 173 | DH10: 173 | DI10: 173 | DJ10: 173 | DK10: 173 | DL10: 173 | DM10: 173 | DN10: 173 | DO10: 173 | DP10: 173 | DQ10: 173 | DR10: 173 | DS10: 173 | DT10: 173 | DU10: 173 | DV10: 173 | DW10: 173 | DX10: 173 | DY10: 173 | DZ10: 173 | EA10: 173 | EB10: 173 | EC10: 173 | ED10: 173 | EE10: 173 | EF10: 173 | EG10: 173 | EH10: 173 | EI10: 173 | EJ10: 173 | EK10: 173 | EL10: 173 | EM10: 173 | EN10: 173 | EO10: 173 | EP10: 173 | EQ10: 173 | ER10: 173 | ES10: 173 | ET10: 173
A11: 173 | B11: 173 | C11: 173 | D11: 173 | E11: 173 | F11: 173 | G11: 173 | H11: 173 | I11: 173 | J11: 173 | K11: 173 | L11: 173 | M11: 173 | N11: 173 | O11: 173 | P11: 173 | Q11: 173 | R11: 173 | S11: 173 | T11: 173 | U11: 173 | V11: 173 | W11: 173 | X11: 173 | Y11: 173 | Z11: 173 | AA11: 173 | AB11: 173 | AC11: 173 | AD11: 173 | AE11: 173 | AF11: 173 | AG11: 173 | AH11: 173 | AI11: 173 | AJ11: 172 | AK11: 172 | AL11: 172 | AM11: 172 | AN11: 172 | AO11: 173 | AP11: 172 | AQ11: 171 | AR11: 171 | AS11: 171 | AT11: 171 | AU11: 171 | AV11: 171 | AW11: 171 | AX11: 143 | AY11: 48 | AZ11: 17 | BA11: 15 | BB11: 26 | BC11: 31 | BD11: 34 | BE11: 34 | BF11: 34 | BG11: 34 | BH11: 33 | BI11: 34 | BJ11: 33 | BK11: 33 | BL11: 33 | BM11: 33 | BN11: 33 | BO11: 33 | BP11: 31 | BQ11: 35 | BR11: 63 | BS11: 104 | BT11: 134 | BU11: 156 | BV11: 176 | BW11: 192 | BX11: 199 | BY11: 198 | BZ11: 200 | CA11: 200 | CB11: 180 | CC11: 110 | CD11: 40 | CE11: 31 | CF11: 33 | CG11: 33 | CH11: 34 | CI11: 34 | CJ11: 33 | CK11: 33 | CL11: 34 | CM11: 34 | CN11: 34 | CO11: 33 | CP11: 33 | CQ11: 29 | CR11: 20 | CS11: 15 | CT11: 29 | CU11: 112 | CV11: 166 | CW11: 171 | CX11: 171 | CY11: 171 | CZ11: 172 | DA11: 172 | DB11: 172 | DC11: 173 | DD11: 173 | DE11: 173 | DF11: 173 | DG11: 173 | DH11: 173 | DI11: 173 | DJ11: 173 | DK11: 173 | DL11: 173 | DM11: 173 | DN11: 173 | DO11: 173 | DP11: 173 | DQ11: 173 | DR11: 173 | DS11: 173 | DT11: 172 | DU11: 172 | DV11: 173 | DW11: 173 | DX11: 173 | DY11: 173 | DZ11: 173 | EA11: 173 | EB11: 173 | EC11: 173 | ED11: 173 | EE11: 173 | EF11: 173 | EG11: 173 | EH11: 173 | EI11: 173 | EJ11: 173 | EK11: 173 | EL11: 173 | EM11: 173 | EN11: 173 | EO11: 173 | EP11: 173 | EQ11: 173 | ER11: 173 | ES11: 173 | ET11: 173
A12: 173 | B12: 173 | C12: 173 | D12: 173 | E12: 173 | F12: 173 | G12: 173 | H12: 173 | I12: 173 | J12: 173 | K12: 173 | L12: 173 | M12: 173 | N12: 173 | O12: 173 | P12: 173 | Q12: 173 | R12: 173 | S12: 173 | T12: 173 | U12: 173 | V12: 173 | W12: 173 | X12: 173 | Y12: 173 | Z12: 173 | AA12: 173 | AB12: 173 | AC12: 173 | AD12: 173 | AE12: 173 | AF12: 173 | AG12: 173 | AH12: 173 | AI12: 171 | AJ12: 171 | AK12: 171 | AL12: 171 | AM12: 171 | AN12: 172 | AO12: 173 | AP12: 172 | AQ12: 171 | AR12: 171 | AS12: 171 | AT12: 170 | AU12: 171 | AV12: 171 | AW12: 155 | AX12: 33 | AY12: 14 | AZ12: 17 | BA12: 32 | BB12: 34 | BC12: 34 | BD12: 33 | BE12: 33 | BF12: 34 | BG12: 34 | BH12: 34 | BI12: 33 | BJ12: 33 | BK12: 33 | BL12: 33 | BM12: 34 | BN12: 33 | BO12: 32 | BP12: 42 | BQ12: 161 | BR12: 228 | BS12: 226 | BT12: 227 | BU12: 224 | BV12: 226 | BW12: 226 | BX12: 227 | BY12: 227 | BZ12: 227 | CA12: 227 | CB12: 227 | CC12: 223 | CD12: 124 | CE12: 30 | CF12: 33 | CG12: 33 | CH12: 34 | CI12: 33 | CJ12: 34 | CK12: 34 | CL12: 33 | CM12: 34 | CN12: 33 | CO12: 33 | CP12: 33 | CQ12: 33 | CR12: 34 | CS12: 24 | CT12: 12 | CU12: 19 | CV12: 107 | CW12: 166 | CX12: 171 | CY12: 171 | CZ12: 171 | DA12: 171 | DB12: 172 | DC12: 173 | DD12: 173 | DE12: 173 | DF12: 173 | DG12: 173 | DH12: 173 | DI12: 173 | DJ12: 173 | DK12: 173 | DL12: 173 | DM12: 173 | DN12: 173 | DO12: 173 | DP12: 173 | DQ12: 173 | DR12: 173 | DS12: 171 | DT12: 171 | DU12: 171 | DV12: 173 | DW12: 173 | DX12: 173 | DY12: 173 | DZ12: 173 | EA12: 173 | EB12: 173 | EC12: 173 | ED12: 173 | EE12: 173 | EF12: 173 | EG12: 173 | EH12: 173 | EI12: 173 | EJ12: 173 | EK12: 173 | EL12: 173 | EM12: 173 | EN12: 173 | EO12: 173 | EP12: 173 | EQ12: 173 | ER12: 173 | ES12: 173 | ET12: 173
... A150: 173 | B150: 173 | C150: 173 | D150: 173 | E150: 173 | F150: 173 | G150: 173 | H150: 173 | I150: 173 | J150: 173 | K150: 173 | L150: 173 | M150: 172 | N150: 171 | O150: 171 | P150: 171 | Q150: 171 | R150: 171 | S150: 171 | T150: 171 | U150: 171 | V150: 171 | W150: 171 | X150: 171 | Y150: 171 | Z150: 171 | AA150: 171 | AB150: 171 | AC150: 171 | AD150: 171 | AE150: 171 | AF150: 171 | AG150: 171 | AH150: 171 | AI150: 171 | AJ150: 171 | AK150: 171 | AL150: 171 | AM150: 170 | AN150: 171 | AO150: 171 | AP150: 169 | AQ150: 167 | AR150: 164 | AS150: 162 | AT150: 162 | AU150: 162 | AV150: 162 | AW150: 160 | AX150: 159 | AY150: 159 | AZ150: 160 | BA150: 161 | BB150: 159 | BC150: 161 | BD150: 161 | BE150: 161 | BF150: 161 | BG150: 162 | BH150: 166 | BI150: 169 | BJ150: 170 | BK150: 171 | BL150: 171 | BM150: 171 | BN150: 171 | BO150: 171 | BP150: 171 | BQ150: 171 | BR150: 171 | BS150: 171 | BT150: 171 | BU150: 171 | BV150: 171 | BW150: 171 | BX150: 171 | BY150: 171 | BZ150: 171 | CA150: 171 | CB150: 171 | CC150: 171 | CD150: 171 | CE150: 171 | CF150: 171 | CG150: 171 | CH150: 171 | CI150: 171 | CJ150: 170 | CK150: 168 | CL150: 164 | CM150: 161 | CN150: 160 | CO150: 158 | CP150: 157 | CQ150: 155 | CR150: 152 | CS150: 150 | CT150: 146 | CU150: 148 | CV150: 148 | CW150: 153 | CX150: 156 | CY150: 158 | CZ150: 162 | DA150: 162 | DB150: 163 | DC150: 165 | DD150: 167 | DE150: 170 | DF150: 170 | DG150: 171 | DH150: 171 | DI150: 171 | DJ150: 171 | DK150: 171 | DL150: 171 | DM150: 171 | DN150: 171 | DO150: 171 | DP150: 171 | DQ150: 171 | DR150: 171 | DS150: 171 | DT150: 171 | DU150: 171 | DV150: 171 | DW150: 171 | DX150: 171 | DY150: 171 | DZ150: 171 | EA150: 171 | EB150: 171 | EC150: 171 | ED150: 171 | EE150: 171 | EF150: 171 | EG150: 171 | EH150: 173 | EI150: 173 | EJ150: 172 | EK150: 171 | EL150: 171 | EM150: 173 | EN150: 173 | EO150: 173 | EP150: 173 | EQ150: 173 | ER150: 173 | ES150: 173 | ET150: 173

Sheet Pr2
